1375,11-18-2013,49.7500,50.0000,47.4900,48.4750,587100,0.0
1374,11-19-2013,48.9900,49.0000,45.3000,45.8000,1682000,0.0
1373,11-20-2013,45.9800,46.0000,43.9900,44.6500,1106900,0.0
1372,11-21-2013,44.5000,45.1500,43.0400,43.7900,730200,0.0
1371,11-22-2013,43.9000,44.1000,43.2500,43.9900,947600,0.0
1370,11-25-2013,44.2800,45.6200,43.7000,44.1800,727300,0.0
1369,11-26-2013,45.0000,45.0000,43.0400,43.2000,873700,0.0
1368,11-27-2013,43.5500,43.5500,42.5000,43.2400,1153300,0.0
1367,11-29-2013,42.7500,43.8500,42.7500,43.2400,949900,0.0
1366,12-2-2013,43.9000,44.7400,41.5200,43.1400,5130700,0.0
1365,12-3-2013,42.8000,44.9000,42.7000,42.9000,3239300,0.0
1364,12-4-2013,42.4300,42.6050,41.6501,41.8300,2777700,0.0
1363,12-5-2013,42.2800,42.2800,40.6300,41.0500,3380500,0.0
1362,12-6-2013,40.7500,41.0600,40.6400,40.7000,4662300,0.0
1361,12-9-2013,40.7000,41.2700,40.2400,41.1800,3074000,0.0
1360,12-10-2013,41.0700,42.8400,41.0400,42.5600,3289400,0.0
1359,12-11-2013,42.3200,43.0150,42.0000,42.4600,3367300,0.0
1358,12-12-2013,42.0100,43.1000,42.0000,42.9700,1770500,0.0
1357,12-13-2013,42.9200,43.8000,42.9200,43.2500,683800,0.0
1356,12-16-2013,43.0100,43.9900,42.1100,43.6900,1953900,0.0
1355,12-17-2013,43.4300,44.0000,43.1600,43.7500,1396700,0.0
1354,12-18-2013,43.6500,44.5000,43.1000,44.2700,1225200,0.0
1353,12-19-2013,43.9600,44.5000,43.8200,44.4500,593000,0.0
1352,12-20-2013,44.3000,44.4500,43.9100,44.2600,2878600,0.0
1351,12-23-2013,44.1700,44.8500,43.5500,44.6500,773600,0.0
1350,12-24-2013,44.7600,45.0200,44.2500,44.5800,304700,0.0
1349,12-26-2013,44.8600,45.0100,44.4400,44.7000,513200,0.0
1348,12-27-2013,44.7700,44.9700,44.0900,44.6400,393300,0.0
1347,12-30-2013,44.4500,44.8800,44.0000,44.1200,381500,0.0
1346,12-31-2013,44.2300,44.5000,43.7600,44.1900,874200,0.0
1345,1-2-2014,44.0800,44.1800,43.2700,43.6500,992900,0.0
1344,1-3-2014,43.5700,44.3200,43.1700,43.9600,378400,0.0
1343,1-6-2014,43.9700,43.9800,43.3700,43.6800,597800,0.0
1342,1-7-2014,42.1600,43.9800,42.1600,43.8700,1371300,0.0
1341,1-8-2014,44.0200,44.3600,43.4000,43.8800,1407100,0.0
1340,1-9-2014,43.8900,44.2500,43.8400,44.1300,1093500,0.0
1339,1-10-2014,44.1700,46.0800,44.0200,45.7300,2008600,0.0
1338,1-13-2014,45.7000,47.4400,45.2000,47.0400,2278500,0.0
1337,1-14-2014,47.1600,47.8940,46.9100,47.8000,2338200,0.0
1336,1-15-2014,47.9700,49.1900,47.2600,47.5000,1733000,0.0
1335,1-16-2014,47.2800,47.6800,47.0400,47.4000,1178700,0.0
1334,1-17-2014,47.5200,48.2400,47.0000,48.0000,1572100,0.0
1333,1-21-2014,49.3800,49.3800,47.9400,48.1700,1570400,0.0
1332,1-22-2014,48.1100,49.1600,48.0800,48.5100,682200,0.0
1331,1-23-2014,48.6800,48.6800,47.5800,47.7200,867600,0.0
1330,1-24-2014,47.6200,47.7100,45.8275,46.8400,1417500,0.0
1329,1-27-2014,45.2000,48.0000,45.2000,46.6000,717800,0.0
1328,1-28-2014,46.7700,47.8800,46.7700,47.7300,721700,0.0
1327,1-29-2014,47.3500,48.4800,47.1301,47.7800,800900,0.0
1326,1-30-2014,47.9100,49.6300,47.8300,49.4200,1247100,0.0
1325,1-31-2014,49.2500,49.9600,49.0300,49.3500,2011100,0.0
1324,2-3-2014,49.3500,49.9400,47.2000,47.4400,1184800,0.0
1323,2-4-2014,47.4400,48.4800,47.3164,48.0500,891300,0.0
1322,2-5-2014,47.8400,48.6500,47.1520,47.6000,823100,0.0
1321,2-6-2014,47.5000,49.2700,47.5000,49.2400,1168400,0.0
1320,2-7-2014,49.3300,50.2699,49.3300,49.9400,1837500,0.0
1319,2-10-2014,49.9900,50.1200,49.4500,49.8400,763400,0.0
1318,2-11-2014,49.7300,50.4100,49.3300,49.8900,1446100,0.0
1317,2-12-2014,49.9200,51.0000,49.7275,50.0000,1405300,0.0
1316,2-13-2014,49.9800,50.4350,49.5900,50.1200,695000,0.0
1315,2-14-2014,50.1500,50.2500,49.5900,49.6300,891700,0.0
1314,2-18-2014,49.7200,50.8600,49.7200,50.1100,2748500,0.0
1313,2-19-2014,49.8400,50.3400,49.0300,49.1600,1076100,0.0
1312,2-20-2014,50.2300,52.7800,49.1000,51.5200,2623600,0.0
1311,2-21-2014,51.7500,52.7900,51.7500,52.3700,2198700,0.0
1310,2-24-2014,52.3600,53.1100,52.3600,52.8600,667900,0.0
1309,2-25-2014,53.0000,54.5800,52.9301,54.5600,1117600,0.0
1308,2-26-2014,54.8300,55.7800,54.1800,54.6600,1880100,0.0
1307,2-27-2014,54.6900,55.5300,54.2100,55.3500,1139900,0.0
1306,2-28-2014,55.0900,55.3200,53.8200,54.3500,1198500,0.0
1305,3-3-2014,54.6700,54.9300,53.0800,53.4900,659600,0.0
1304,3-4-2014,53.7100,55.0000,53.4800,54.0000,1189900,0.0
1303,3-5-2014,53.9000,54.3120,53.3800,53.9500,395000,0.0
1302,3-6-2014,53.9900,54.1000,53.0400,53.1900,617400,0.0
1301,3-7-2014,53.4400,53.7800,52.5900,53.3900,776100,0.0
1300,3-10-2014,53.2000,53.6700,52.2400,53.2900,1155300,0.0
1299,3-11-2014,53.4900,54.8000,53.4500,54.5000,874700,0.0
1298,3-12-2014,54.4200,54.7400,52.7700,54.2800,1255500,0.0
1297,3-13-2014,54.4600,54.7100,53.1310,53.6000,946400,0.0
1296,3-14-2014,53.6200,53.9500,53.2500,53.3000,1071800,0.0
1295,3-17-2014,53.4400,53.8250,52.9300,52.9600,1011700,0.0
1294,3-18-2014,52.9450,53.4875,52.7100,53.2800,880800,0.0
1293,3-19-2014,53.1800,54.0000,52.9200,53.2800,645000,0.0
1292,3-20-2014,53.4100,54.2200,52.8200,54.1700,628100,0.0
1291,3-21-2014,54.3800,54.8100,53.7400,53.8100,1356800,0.0
1290,3-24-2014,54.0000,54.2300,53.0400,53.4700,895600,0.0
1289,3-25-2014,53.7000,53.9000,53.1650,53.2100,708000,0.0
1288,3-26-2014,53.3200,53.5000,52.0100,52.0400,691100,0.0
1287,3-27-2014,51.8700,51.9700,51.1900,51.4500,492900,0.0
1286,3-28-2014,51.6200,52.4350,51.5400,52.1600,346100,0.0
1285,3-31-2014,52.3800,52.5800,51.9100,52.1700,334600,0.0
1284,4-1-2014,52.4400,54.0550,52.2900,53.9200,593600,0.0
1283,4-2-2014,53.9200,54.8100,53.5900,54.6700,500500,0.0
1282,4-3-2014,54.7700,55.0000,54.5800,54.9500,427900,0.0
1281,4-4-2014,54.8200,55.3500,53.0000,53.7300,492000,0.0
1280,4-7-2014,53.7100,54.0000,51.5300,51.6200,1054200,0.0
1279,4-8-2014,51.3400,51.7800,50.8100,51.4100,1213700,0.0
1278,4-9-2014,51.4600,51.5900,51.2300,51.5000,1212800,0.0
1277,4-10-2014,51.5200,51.7900,50.1200,50.6800,1488500,0.0
1276,4-11-2014,50.5300,50.9000,49.8600,50.0100,1184600,0.0
1275,4-14-2014,50.2800,50.6100,49.1800,49.7700,605900,0.0
1274,4-15-2014,49.8800,50.4300,48.9300,49.9600,419300,0.0
1273,4-16-2014,50.1600,50.7180,49.8400,50.2300,254000,0.0
1272,4-17-2014,50.0700,50.5400,49.4300,50.1500,427200,0.0
1271,4-21-2014,49.9800,50.6500,49.6000,50.6300,225700,0.0
1270,4-22-2014,50.7100,51.1500,50.3600,51.0000,422500,0.0
1269,4-23-2014,50.8900,50.9600,49.9760,50.4000,507800,0.0
1268,4-24-2014,50.6200,50.7800,49.7150,50.2400,659800,0.0
1267,4-25-2014,49.9500,50.3880,49.3700,49.5400,290300,0.0
1266,4-28-2014,49.8400,50.0800,48.4500,48.8200,605400,0.0
1265,4-29-2014,48.9600,49.4300,48.4600,48.9000,442000,0.0
1264,4-30-2014,49.0000,49.4600,48.4400,49.3500,481100,0.0
1263,5-1-2014,51.0000,51.8600,49.4800,51.2500,722100,0.0
1262,5-2-2014,51.1800,51.7400,50.2500,50.7000,479000,0.0
1261,5-5-2014,50.2800,50.5200,49.5700,50.0600,413800,0.0
1260,5-6-2014,49.9500,50.1600,49.5500,49.8900,596000,0.0
1259,5-7-2014,49.8900,50.3200,49.3431,49.9300,598000,0.0
1258,5-8-2014,49.6000,50.4000,49.1100,49.3600,530600,0.0
1257,5-9-2014,49.2000,50.1600,48.6700,50.0000,489100,0.0
1256,5-12-2014,50.0500,50.8400,50.0500,50.4800,586100,0.0
1255,5-13-2014,50.5000,50.7200,50.3250,50.4800,638700,0.0
1254,5-14-2014,50.3000,50.4300,49.7400,49.7900,470700,0.0
1253,5-15-2014,49.5200,49.7400,47.9800,48.2900,738400,0.0
1252,5-16-2014,48.3200,49.4300,48.1500,49.2800,719500,0.0
1251,5-19-2014,49.3000,50.3600,49.2700,50.2100,653500,0.0
1250,5-20-2014,49.8700,50.5400,49.7500,50.5000,1543600,0.0
1249,5-21-2014,50.5200,51.0290,50.4000,50.7100,338500,0.0
1248,5-22-2014,50.6500,51.8400,50.3200,51.4900,501100,0.0
1247,5-23-2014,51.7300,52.5900,51.3300,52.4600,451800,0.0
1246,5-27-2014,52.4900,52.8400,52.3329,52.4700,331600,0.0
1245,5-28-2014,52.6200,53.2600,52.4600,52.9400,523700,0.0
1244,5-29-2014,52.9400,53.8600,52.9400,53.5200,815600,0.0
1243,5-30-2014,53.4900,53.5100,52.3300,52.3900,400300,0.0
1242,6-2-2014,52.7700,52.7700,52.0400,52.0700,646500,0.0
1241,6-3-2014,51.3000,52.7400,51.3000,52.4100,451900,0.0
1240,6-4-2014,52.2700,53.3100,52.2300,53.1500,621100,0.0
1239,6-5-2014,53.2000,54.3350,52.9000,54.3100,608900,0.0
1238,6-6-2014,54.4300,56.0900,54.3700,55.8300,965400,0.0
1237,6-9-2014,55.9700,56.8100,55.6200,56.3500,850400,0.0
1236,6-10-2014,56.2400,56.7500,55.9500,56.7300,618100,0.0
1235,6-11-2014,56.4000,56.4200,55.9800,56.3400,625600,0.0
1234,6-12-2014,56.1800,56.5600,55.8900,56.1200,1780200,0.0
1233,6-13-2014,56.2600,56.2600,55.9000,56.0900,545100,0.0
1232,6-16-2014,55.9300,57.3600,55.8401,57.1300,634300,0.0
1231,6-17-2014,56.8800,57.6600,56.1000,57.2500,1436700,0.0
1230,6-18-2014,57.2300,57.5000,57.0500,57.3400,1901900,0.0
1229,6-19-2014,57.3300,57.7400,56.0400,57.2700,875800,0.0
1228,6-20-2014,57.1400,57.7800,56.8800,57.6200,1265000,0.0
1227,6-23-2014,57.7200,58.2900,57.4300,57.5600,384500,0.0
1226,6-24-2014,57.3000,57.5650,56.4900,56.6800,580300,0.0
1225,6-25-2014,56.6200,56.8300,56.0400,56.6900,503900,0.0
1224,6-26-2014,56.7200,56.7800,56.1700,56.3200,336500,0.0
1223,6-27-2014,56.4500,56.4500,55.5200,55.5800,1105000,0.0
1222,6-30-2014,55.5200,56.7500,55.4200,56.6800,609900,0.0
1221,7-1-2014,56.7700,57.4600,56.7700,57.0600,424500,0.0
1220,7-2-2014,57.0000,57.8700,57.0000,57.3700,484600,0.0
1219,7-3-2014,57.4600,57.7400,57.0200,57.1600,138700,0.0
1218,7-7-2014,57.0400,57.0400,55.9400,56.0400,274700,0.0
1217,7-8-2014,56.0400,56.0400,54.9900,55.5100,424300,0.0
1216,7-9-2014,55.5000,56.0300,55.3600,55.6100,342800,0.0
1215,7-10-2014,54.8500,55.8800,54.6200,55.6000,496000,0.0
1214,7-11-2014,55.6700,56.4500,55.4400,56.0300,269000,0.0
1213,7-14-2014,56.1000,56.5700,55.6200,55.9800,426400,0.0
1212,7-15-2014,55.8500,56.1900,55.2800,55.6100,306800,0.0
1211,7-16-2014,55.7900,56.1100,55.1400,55.4300,417400,0.0
1210,7-17-2014,55.0500,55.1725,54.1800,54.2700,408600,0.0
1209,7-18-2014,54.3500,55.0100,54.1100,54.8900,300700,0.0
1208,7-21-2014,54.7900,55.0500,54.5600,54.7600,265900,0.0
1207,7-22-2014,55.1500,55.5800,54.7100,54.9000,242000,0.0
1206,7-23-2014,54.9200,55.0900,54.1025,54.4500,362800,0.0
1205,7-24-2014,54.4200,55.4600,54.2900,54.9700,412400,0.0
1204,7-25-2014,54.6300,55.2500,54.3900,55.1000,473700,0.0
1203,7-28-2014,55.1000,55.1100,53.3200,53.5700,513200,0.0
1202,7-29-2014,53.5200,53.8600,52.4200,52.4500,582000,0.0
1201,7-30-2014,52.5500,53.9600,52.4300,53.6600,799300,0.0
1200,7-31-2014,50.9000,52.7300,49.9300,51.4300,1583400,0.0
1199,8-1-2014,51.4300,51.4800,49.5900,50.3600,903900,0.0
1198,8-4-2014,50.5900,51.7700,49.9700,50.1200,956900,0.0
1197,8-5-2014,50.1400,50.9300,49.8000,50.4000,668400,0.0
1196,8-6-2014,49.3000,50.2300,48.8300,50.1200,1078300,0.0
1195,8-7-2014,50.5000,50.6250,49.6000,49.8700,622300,0.0
1194,8-8-2014,49.9200,50.7200,49.9200,50.6100,850400,0.0
1193,8-11-2014,50.7600,51.0300,50.2800,50.3600,342200,0.0
1192,8-12-2014,50.2900,51.1200,50.2766,50.9600,712200,0.0
1191,8-13-2014,51.0600,52.2800,51.0600,52.2400,708300,0.0
1190,8-14-2014,52.2300,52.3600,51.6700,52.0200,626600,0.0
1189,8-15-2014,52.3300,52.9300,51.8300,52.2600,755500,0.0
1188,8-18-2014,52.5100,53.2000,52.1700,52.6400,325400,0.0
1187,8-19-2014,52.8000,53.4100,52.2250,52.6100,513600,0.0
1186,8-20-2014,52.6300,52.9100,52.2700,52.5200,332400,0.0
1185,8-21-2014,52.6300,52.7700,52.1100,52.1400,249600,0.0
1184,8-22-2014,52.0500,52.1200,51.7400,51.9700,399800,0.0
1183,8-25-2014,52.2200,52.5600,51.9110,52.4700,276100,0.0
1182,8-26-2014,52.4700,52.5800,52.0900,52.3800,291400,0.0
1181,8-27-2014,52.2600,52.2600,51.6508,52.0100,281200,0.0
1180,8-28-2014,51.7300,51.7900,51.2100,51.5500,438400,0.0
1179,8-29-2014,51.5500,51.7500,51.2400,51.4300,372000,0.0
1178,9-2-2014,51.5300,52.3000,51.4600,52.2700,661900,0.0
1177,9-3-2014,52.6400,52.8800,51.9800,52.1900,393900,0.0
1176,9-4-2014,52.2800,52.8400,52.0700,52.3300,411300,0.0
1175,9-5-2014,52.4700,52.6500,51.9120,52.4800,517700,0.0
1174,9-8-2014,52.3100,52.6200,52.0600,52.2200,477300,0.0
1173,9-9-2014,52.1600,52.4900,51.5100,51.7400,533300,0.0
1172,9-10-2014,51.6300,52.1600,51.2500,51.9500,620400,0.0
1171,9-11-2014,51.7900,52.5200,51.7700,52.0600,472200,0.0
1170,9-12-2014,51.8300,51.8975,50.7050,50.8700,811300,0.0
1169,9-15-2014,50.7300,50.9000,50.0800,50.8000,818700,0.0
1168,9-16-2014,50.7200,51.4100,50.5800,51.1000,671700,0.0
1167,9-17-2014,51.1600,52.2500,50.9100,51.0600,610400,0.0
1166,9-18-2014,51.2300,51.2300,50.5200,50.6200,551200,0.0
1165,9-19-2014,50.8800,50.8800,47.4700,49.8600,1925100,0.0
1164,9-22-2014,49.6600,49.8200,49.1700,49.2000,826972,0.0
1163,9-23-2014,49.0500,49.4700,48.5400,48.9200,759782,0.0
1162,9-24-2014,48.9000,49.2100,48.8100,49.0000,470853,0.0
1161,9-25-2014,48.7700,49.0000,48.0600,48.2100,604724,0.0
1160,9-26-2014,48.2500,48.5299,48.1860,48.4000,664816,0.0
1159,9-29-2014,48.0200,48.5400,47.7900,48.0000,900763,0.0
1158,9-30-2014,47.9000,48.0000,47.3100,47.6400,1371508,0.0
1157,10-1-2014,47.4400,48.0000,46.8800,47.7700,1083769,0.0
1156,10-2-2014,47.6800,48.0700,47.3700,47.8700,2127122,0.0
1155,10-3-2014,48.8300,49.2100,48.5800,49.1400,968569,0.0
1154,10-6-2014,49.2000,49.4700,48.4700,48.5900,750337,0.0
1153,10-7-2014,48.3700,48.3700,46.5800,46.5900,691627,0.0
1152,10-8-2014,46.5400,47.2800,45.8500,47.2400,1061674,0.0
1151,10-9-2014,47.3900,47.3900,46.5400,46.7000,617289,0.0
1150,10-10-2014,46.5800,46.9700,46.2000,46.2500,776415,0.0
1149,10-13-2014,46.2200,46.4800,45.2800,45.3200,824509,0.0
1148,10-14-2014,45.5100,45.8900,44.8200,45.0600,976864,0.0
1147,10-15-2014,44.5600,46.0000,43.8100,45.7200,1284582,0.0
1146,10-16-2014,44.6300,46.5000,44.2180,46.3300,696505,0.0
1145,10-17-2014,46.7300,47.5650,46.3200,46.7500,760742,0.0
1144,10-20-2014,46.5800,47.1700,46.5700,46.9000,606288,0.0
1143,10-21-2014,47.1700,48.4680,47.1700,48.2300,657153,0.0
1142,10-22-2014,48.2400,48.5100,47.0000,47.1000,695993,0.0
1141,10-23-2014,47.7000,48.7800,47.2600,48.4500,733322,0.0
1140,10-24-2014,48.4900,49.1700,48.0700,49.1200,414743,0.0
1139,10-27-2014,48.8700,49.3100,48.5450,49.1500,584047,0.0
1138,10-28-2014,49.4200,50.2500,49.0820,50.2000,730572,0.0
1137,10-29-2014,50.5100,51.3700,49.6600,50.2900,1184461,0.0
1136,10-30-2014,52.3100,52.6650,52.0100,52.5000,1203481,0.0
1135,10-31-2014,53.6200,54.5700,52.8700,53.0900,2535435,0.0
1134,11-3-2014,53.1600,53.5900,52.9100,53.4300,811092,0.0
1133,11-4-2014,53.3900,53.8400,53.0900,53.1200,1120769,0.0
1132,11-5-2014,53.4300,53.5800,52.7400,53.0500,539929,0.0
1131,11-6-2014,53.3300,53.5100,52.8700,53.4200,1041515,0.0
1130,11-7-2014,53.4400,53.5600,52.8950,52.9600,1249525,0.0
1129,11-10-2014,53.1100,53.1100,52.5700,52.6800,562559,0.0
1128,11-11-2014,52.8100,53.3900,52.3700,52.5200,582060,0.0
1127,11-12-2014,52.3100,52.6650,52.0100,52.5000,631111,0.0
1126,11-13-2014,52.5700,52.6800,51.8800,52.1200,375510,0.0
1125,11-14-2014,52.0000,52.5100,51.7850,52.2700,372857,0.0
1124,11-17-2014,52.1900,52.9200,52.1100,52.8400,529583,0.0
1123,11-18-2014,52.9100,54.0500,52.6800,53.8700,629255,0.0
1122,11-19-2014,53.9400,54.3200,53.5400,54.0000,757951,0.0
1121,11-20-2014,53.6200,54.3600,53.5200,54.0900,220824,0.0
1120,11-21-2014,54.8000,54.8800,54.0200,54.2000,488694,0.0
1119,11-24-2014,54.2500,54.4900,53.8800,53.9500,482186,0.0
1118,11-25-2014,53.9400,53.9700,53.2800,53.5700,453328,0.0
1117,11-26-2014,53.6000,53.8000,52.9000,53.0600,537712,0.0
1116,11-28-2014,53.0900,54.1550,53.0900,53.8500,343203,0.0
1115,12-1-2014,53.7900,53.9800,53.2500,53.7000,467027,0.0
1114,12-2-2014,53.7900,54.4200,53.6400,54.3600,315975,0.0
1113,12-3-2014,54.5600,55.0800,54.4100,54.6900,1397947,0.0
1112,12-4-2014,54.7200,54.9899,54.3950,54.5900,571435,0.0
1111,12-5-2014,54.8100,55.6100,54.5900,55.5500,861299,0.0
1110,12-8-2014,55.5600,55.9100,54.6000,54.9100,603519,0.0
1109,12-9-2014,54.0300,55.0750,53.8600,55.0000,423764,0.0
1108,12-10-2014,54.6900,55.1000,53.9700,54.1500,465047,0.0
1107,12-11-2014,54.0700,54.9700,53.5801,54.1900,394758,0.0
1106,12-12-2014,53.6900,54.1400,53.6201,53.8100,594026,0.0
1105,12-15-2014,54.0000,54.4100,53.3500,53.7000,454917,0.0
1104,12-16-2014,53.6000,54.1000,52.9600,53.4300,1016817,0.0
1103,12-17-2014,53.5400,54.2100,53.0000,54.1100,418602,0.0
1102,12-18-2014,54.8100,54.9800,54.2800,54.9500,504656,0.0
1101,12-19-2014,55.3800,55.3900,54.6500,54.9900,686872,0.0
1100,12-22-2014,54.9800,55.6100,54.7700,55.6100,282067,0.0
1099,12-23-2014,55.6100,55.8600,55.4000,55.6800,363052,0.0
1098,12-24-2014,55.8100,55.9000,55.4000,55.7300,135271,0.0
1097,12-26-2014,55.7700,56.0000,55.5800,55.6500,192979,0.0
1096,12-29-2014,55.5400,56.0600,55.2900,55.9100,340916,0.0
1095,12-30-2014,55.6900,55.8900,55.4100,55.6600,448572,0.0
1094,12-31-2014,55.8700,56.0500,55.2500,55.4600,566487,0.0
1093,1-2-2015,55.4900,55.6000,53.9700,55.0500,670355,0.0
1092,1-5-2015,54.7300,55.2400,54.5600,54.9400,534556,0.0
1091,1-6-2015,55.0000,55.1600,54.0800,54.8500,1341033,0.0
1090,1-7-2015,55.0900,56.0000,54.8100,55.6000,720849,0.0
1089,1-8-2015,55.7100,56.3800,55.1800,56.3500,893856,0.0
1088,1-9-2015,56.1100,56.3300,55.7900,55.8800,538359,0.0
1087,1-12-2015,55.9400,55.9900,54.8500,54.9900,336793,0.0
1086,1-13-2015,55.3000,56.4600,54.4500,55.1000,520156,0.0
1085,1-14-2015,54.5700,55.3900,54.1800,55.3300,544224,0.0
1084,1-15-2015,55.5500,55.6600,53.3500,53.8000,1116300,0.0
1083,1-16-2015,53.8400,54.3500,53.1700,53.3700,2678189,0.0
1082,1-20-2015,53.4400,53.9200,52.5900,52.7900,1137371,0.0
1081,1-21-2015,52.5800,53.4500,52.3300,52.9200,1614203,0.0
1080,1-22-2015,53.1200,54.4250,52.8950,54.3600,896149,0.0
1079,1-23-2015,54.3100,55.0000,54.3100,54.4800,404165,0.0
1078,1-26-2015,54.7600,54.8300,53.7700,53.9100,702647,0.0
1077,1-27-2015,53.2000,54.0400,53.0700,53.8000,476760,0.0
1076,1-28-2015,54.3000,55.1600,53.9100,54.3500,695085,0.0
1075,1-29-2015,54.1500,54.9000,53.7100,54.7900,456601,0.0
1074,1-30-2015,54.5200,54.9200,53.8800,54.0100,591803,0.0
1073,2-2-2015,54.3000,54.5300,53.4300,54.4900,1213647,0.0
1072,2-3-2015,54.9400,55.4300,54.7000,55.0500,429407,0.0
1071,2-4-2015,55.0300,55.9700,54.9700,55.6300,578298,0.0
1070,2-5-2015,55.7500,57.0600,55.7500,57.0000,627848,0.0
1069,2-6-2015,57.2200,57.8000,57.0100,57.5500,977434,0.0
1068,2-9-2015,57.5400,58.1000,56.8800,56.9100,730252,0.0
1067,2-10-2015,57.2200,57.3500,56.2600,56.8800,527416,0.0
1066,2-11-2015,56.9400,57.2100,56.3900,56.7200,859994,0.0
1065,2-12-2015,57.1400,57.8900,56.8500,57.7600,724308,0.0
1064,2-13-2015,57.7200,58.8200,57.1900,58.6600,746291,0.0
1063,2-17-2015,58.7900,59.5000,58.3900,58.5600,1336778,0.0
1062,2-18-2015,56.8800,57.4300,55.1300,56.0000,1721964,0.0
1061,2-19-2015,55.9400,57.8600,55.7900,57.6200,1670198,0.0
1060,2-20-2015,57.4400,58.7200,56.9800,58.6000,980204,0.0
1059,2-23-2015,58.3600,58.7200,57.9301,58.3400,769708,0.0
1058,2-24-2015,58.1100,58.7900,57.9000,58.4000,526550,0.0
1057,2-25-2015,58.4800,59.0700,58.1600,58.5500,625996,0.0
1056,2-26-2015,58.7400,58.7680,58.0300,58.2900,507268,0.0
1055,2-27-2015,58.2100,58.5400,57.6900,57.7300,342871,0.0
1054,3-2-2015,57.7700,58.9100,57.6400,58.8200,694810,0.0
1053,3-3-2015,58.4400,58.8200,58.0500,58.5000,611979,0.0
1052,3-4-2015,58.6500,58.8400,57.9800,58.4500,939972,0.0
1051,3-5-2015,58.4800,58.4800,57.8000,58.1100,479994,0.0
1050,3-6-2015,57.6900,57.9800,57.3600,57.4500,413932,0.0
1049,3-9-2015,57.4100,58.1400,57.4000,57.9900,342786,0.0
1048,3-10-2015,57.6900,58.0100,57.1100,57.6100,491185,0.0
1047,3-11-2015,57.7000,58.2600,57.5800,57.9100,559863,0.0
1046,3-12-2015,57.9300,58.5200,57.9300,58.4000,420856,0.0
1045,3-13-2015,58.0900,58.6700,57.8003,58.1600,563320,0.0
1044,3-16-2015,58.5100,58.7700,58.0100,58.7400,494349,0.0
1043,3-17-2015,58.2100,58.7420,58.0400,58.3400,447179,0.0
1042,3-18-2015,58.2900,60.1000,58.0600,59.8400,635063,0.0
1041,3-19-2015,59.8600,60.0400,59.2900,60.0100,599913,0.0
1040,3-20-2015,60.4100,61.2200,60.2300,61.1400,922972,0.0
1039,3-23-2015,61.2400,61.7000,60.8100,60.9000,686499,0.0
1038,3-24-2015,60.7400,61.4000,60.3800,60.9000,529468,0.0
1037,3-25-2015,60.8400,61.2300,60.1400,60.3100,652874,0.0
1036,3-26-2015,60.3000,60.6700,59.9800,60.5100,555076,0.0
1035,3-27-2015,60.4900,61.3000,60.1600,61.2300,912816,0.0
1034,3-30-2015,61.4000,61.9700,61.4000,61.9100,457989,0.0
1033,3-31-2015,61.5000,61.9300,61.0500,61.1700,428770,0.0
1032,4-1-2015,60.9800,61.3300,60.7900,61.0800,444378,0.0
1031,4-2-2015,61.1500,61.7100,60.9346,61.4500,275761,0.0
1030,4-6-2015,61.1800,62.1600,61.0300,61.6500,653665,0.0
1029,4-7-2015,61.4000,61.7100,61.2800,61.5700,399929,0.0
1028,4-8-2015,61.5300,61.7300,61.1800,61.6900,512212,0.0
1027,4-9-2015,61.7000,61.8000,61.1400,61.4400,425554,0.0
1026,4-10-2015,61.5200,61.7200,60.8700,61.2400,560337,0.0
1025,4-13-2015,61.1700,61.5799,60.2500,60.2800,438789,0.0
1024,4-14-2015,60.3200,60.6800,59.6000,59.9700,681402,0.0
1023,4-15-2015,60.0200,60.6100,60.0200,60.4900,443475,0.0
1022,4-16-2015,60.3800,60.4700,59.7000,60.1600,350359,0.0
1021,4-17-2015,59.7200,59.7200,58.7800,59.1000,462335,0.0
1020,4-20-2015,59.2000,59.6800,59.0801,59.3100,403282,0.0
1019,4-21-2015,59.6900,59.9300,59.3250,59.8100,327509,0.0
1018,4-22-2015,59.8700,60.4800,59.7200,60.3600,485425,0.0
1017,4-23-2015,60.0700,60.1800,59.5300,59.7400,1013597,0.0
1016,4-24-2015,59.6900,61.0800,59.6300,60.9600,873539,0.0
1015,4-27-2015,60.9700,61.4500,60.5000,60.5900,793744,0.0
1014,4-28-2015,60.4000,61.1000,60.2400,60.8100,950582,0.0
1013,4-29-2015,60.6500,60.7000,60.0600,60.5500,561548,0.0
1012,4-30-2015,61.0500,62.5400,60.9000,61.1500,2075845,0.0
1011,5-1-2015,60.6200,61.8100,60.1800,61.4500,1465215,0.0
1010,5-4-2015,61.1000,62.3600,61.1000,62.2500,672239,0.0
1009,5-5-2015,61.9200,62.3600,61.3500,61.5000,577087,0.0
1008,5-6-2015,61.6400,61.8500,60.9300,61.2800,532575,0.0
1007,5-7-2015,61.0700,62.0000,60.8200,61.4900,1243548,0.0
1006,5-8-2015,62.0000,62.5297,61.6600,62.3800,874436,0.0
1005,5-11-2015,62.3700,63.4200,62.3700,63.1800,1367309,0.0
1004,5-12-2015,62.8700,63.0760,61.5500,61.7800,565178,0.0
1003,5-13-2015,61.7500,62.2900,61.6000,61.7400,621239,0.0
1002,5-14-2015,62.2000,62.2000,61.7600,61.8700,587907,0.0
1001,5-15-2015,61.8300,62.0400,61.4200,61.7900,890675,0.0
1000,5-18-2015,61.8200,62.1200,61.5700,61.8900,691431,0.0
999,5-19-2015,62.1000,62.9900,61.7900,61.8300,546441,0.0
998,5-20-2015,62.0200,62.0200,61.4000,61.5400,480684,0.0
997,5-21-2015,61.7100,61.7700,61.1900,61.4000,579913,0.0
996,5-22-2015,61.4000,61.7800,60.9900,61.2600,252956,0.0
995,5-26-2015,61.2200,61.3700,60.6600,60.8900,375585,0.0
994,5-27-2015,61.3200,61.9200,60.9300,61.8200,286222,0.0
993,5-28-2015,61.6100,61.9700,61.3600,61.9400,377341,0.0
992,5-29-2015,62.0100,62.9700,61.8700,62.4400,675906,0.0
991,6-1-2015,62.4700,62.4700,61.8900,62.0400,358139,0.0
990,6-2-2015,62.0000,62.7000,61.6900,62.3900,271650,0.0
989,6-3-2015,62.3700,63.0400,61.8000,62.8100,458321,0.0
988,6-4-2015,62.2500,62.6600,61.7400,61.8300,224925,0.0
987,6-5-2015,61.6500,62.0400,61.1100,61.9000,314283,0.0
986,6-8-2015,61.7300,62.0900,61.3900,61.4000,234990,0.0
985,6-9-2015,61.3400,61.3400,60.7300,60.9500,415310,0.0
984,6-10-2015,61.0200,61.9400,61.0200,61.6200,336010,0.0
983,6-11-2015,61.8200,62.2500,61.5275,61.6500,344900,0.0
982,6-12-2015,61.5300,61.9700,60.9700,61.1000,277164,0.0
981,6-15-2015,60.8500,61.1000,60.3300,60.8600,431283,0.0
980,6-16-2015,60.6300,60.9800,60.2900,60.6100,320514,0.0
979,6-17-2015,60.8200,61.2400,60.2100,61.1700,352434,0.0
978,6-18-2015,61.2700,61.9200,61.1200,61.4100,335872,0.0
977,6-19-2015,61.3700,62.0100,61.0400,61.6700,646971,0.0
976,6-22-2015,62.0000,62.4600,61.7100,62.0800,275570,0.0
975,6-23-2015,62.0200,62.5800,61.7700,62.0800,425915,0.0
974,6-24-2015,62.2800,62.8000,61.7700,62.0500,509308,0.0
973,6-25-2015,62.0500,62.6300,61.6400,61.7300,229664,0.0
972,6-26-2015,61.8200,62.0400,61.5300,61.6300,256941,0.0
971,6-29-2015,61.5100,61.6400,59.8000,59.9000,526207,0.0
970,6-30-2015,60.4900,61.0200,60.0100,60.1400,617917,0.0
969,7-1-2015,60.7300,60.8100,60.0800,60.2100,612438,0.0
968,7-2-2015,60.5000,60.5900,59.6400,59.7700,309626,0.0
967,7-6-2015,59.4800,60.1300,59.0900,59.5600,341310,0.0
966,7-7-2015,59.7300,59.7300,58.6800,59.6500,876388,0.0
965,7-8-2015,59.2900,59.4400,58.4300,58.4800,477179,0.0
964,7-9-2015,59.2500,59.6500,59.0900,59.1900,593064,0.0
963,7-10-2015,59.8300,60.4400,59.6500,60.2700,753835,0.0
962,7-13-2015,60.7500,61.0600,60.3900,60.9900,615240,0.0
961,7-14-2015,61.0200,61.6300,60.7500,61.5200,361829,0.0
960,7-15-2015,61.3800,61.8500,60.6000,60.8900,453099,0.0
959,7-16-2015,61.1900,61.4200,60.9700,61.2700,339598,0.0
958,7-17-2015,61.0900,61.9400,61.0900,61.3900,787009,0.0
957,7-20-2015,61.4100,61.7900,61.1501,61.6700,309303,0.0
956,7-21-2015,61.5900,61.7300,60.6700,60.8200,355493,0.0
955,7-22-2015,60.7600,61.4800,60.6816,61.0700,376417,0.0
954,7-23-2015,61.3600,61.8000,60.9400,61.0800,572950,0.0
953,7-24-2015,61.3100,61.8600,61.0500,61.4300,728350,0.0
952,7-27-2015,61.1300,61.5600,60.6100,61.2000,1057566,0.0
951,7-28-2015,61.3200,62.8500,61.2100,62.3900,967096,0.0
950,7-29-2015,62.5600,63.8600,62.5600,63.7500,806128,0.0
949,7-30-2015,63.9000,66.0500,61.5575,63.2000,1392332,0.0
948,7-31-2015,63.6800,63.9400,63.0600,63.2200,647324,0.0
947,8-3-2015,63.2200,63.3100,62.3800,62.6900,543488,0.0
946,8-4-2015,62.8000,63.0600,62.4400,62.6300,429638,0.0
945,8-5-2015,63.3100,63.6650,62.5800,62.8800,551074,0.0
944,8-6-2015,62.8900,62.9300,61.9100,62.2900,428530,0.0
943,8-7-2015,62.2400,62.7000,61.8500,62.6700,398230,0.0
942,8-10-2015,63.0500,63.5300,62.8900,63.3800,305270,0.0
941,8-11-2015,62.8800,63.1900,62.7200,63.1600,320455,0.0
940,8-12-2015,62.8000,63.0800,61.9000,63.0700,401582,0.0
939,8-13-2015,62.9500,63.4700,62.5750,63.2900,325198,0.0
938,8-14-2015,63.2500,63.6300,63.0420,63.6000,157788,0.0
937,8-17-2015,63.5600,64.7000,62.9746,64.6800,445226,0.0
936,8-18-2015,64.6700,64.8600,63.2400,64.5700,634063,0.0
935,8-19-2015,64.0500,64.4200,63.6600,64.2300,459176,0.0
934,8-20-2015,63.5500,63.6450,62.5600,62.6000,667370,0.0
933,8-21-2015,62.1500,62.1500,60.3700,60.3800,469429,0.0
932,8-24-2015,56.8800,59.4200,54.3400,58.5600,1387825,0.0
931,8-25-2015,59.7500,59.9100,56.8800,56.9500,932057,0.0
930,8-26-2015,58.2900,59.0900,57.1200,59.0200,986029,0.0
929,8-27-2015,59.4900,60.7800,59.1700,60.5100,680117,0.0
928,8-28-2015,60.4800,60.8000,59.7429,60.2700,619323,0.0
927,8-31-2015,59.9600,60.2200,59.3400,59.6100,400337,0.0
926,9-1-2015,57.1700,58.7800,57.1700,58.5600,755716,0.0
925,9-2-2015,59.2200,59.3200,58.3400,59.3200,346106,0.0
924,9-3-2015,59.4100,60.4500,58.5300,59.7900,569203,0.0
923,9-4-2015,59.0500,59.2499,58.2700,58.7200,421395,0.0
922,9-8-2015,59.6900,60.3900,59.1100,60.3600,301194,0.0
921,9-9-2015,60.8300,61.1900,60.0800,60.2000,613490,0.0
920,9-10-2015,60.0800,60.7700,59.5940,60.3000,426233,0.0
919,9-11-2015,59.9200,60.6700,59.5800,60.6300,271585,0.0
918,9-14-2015,60.4400,60.7600,60.1600,60.7200,385083,0.0
917,9-15-2015,60.9300,61.8100,60.5400,61.6400,397985,0.0
916,9-16-2015,61.4900,62.0800,61.0800,61.8100,422674,0.0
915,9-17-2015,61.7100,62.8200,61.4686,62.0400,550691,0.0
914,9-18-2015,61.4000,61.9800,61.0000,61.1200,761801,0.0
913,9-21-2015,61.4500,61.9300,61.1300,61.7200,396968,0.0
912,9-22-2015,61.0700,61.2600,60.1350,60.3700,394255,0.0
911,9-23-2015,60.6000,60.6700,60.0600,60.5900,474623,0.0
910,9-24-2015,60.1000,60.3000,59.4500,60.1800,304782,0.0
909,9-25-2015,60.5300,60.6000,59.5200,59.6400,570331,0.0
908,9-28-2015,59.3800,59.3800,56.7500,57.2600,695413,0.0
907,9-29-2015,57.2300,57.4100,55.6200,56.0700,639436,0.0
906,9-30-2015,56.5200,57.7400,56.3100,57.6600,563422,0.0
905,10-1-2015,57.9500,58.5850,57.0700,58.5600,704807,0.0
904,10-2-2015,57.9800,58.1020,57.0500,58.0800,693271,0.0
903,10-5-2015,58.4500,59.6500,58.4100,59.0100,514921,0.0
902,10-6-2015,59.1500,59.6800,58.3600,58.6500,600683,0.0
901,10-7-2015,58.8700,59.6900,58.7800,59.6400,618764,0.0
900,10-8-2015,59.3900,59.8800,58.8900,59.7400,518575,0.0
899,10-9-2015,59.8100,60.4300,59.3900,59.6700,501433,0.0
898,10-12-2015,59.6900,59.8900,58.9900,59.1400,421309,0.0
897,10-13-2015,58.9000,59.5200,58.3303,58.8600,531932,0.0
896,10-14-2015,58.8100,59.3000,58.2600,58.8300,630196,0.0
895,10-15-2015,59.2200,60.6100,58.7300,60.3400,745757,0.0
894,10-16-2015,60.5900,60.9500,60.1100,60.3200,697007,0.0
893,10-19-2015,60.0300,60.3070,59.4400,59.9800,513474,0.0
892,10-20-2015,59.9400,62.9000,59.9400,61.9900,924527,0.0
891,10-21-2015,62.3400,62.4900,61.0900,61.2700,384323,0.0
890,10-22-2015,61.5200,64.3800,61.4000,64.0000,1248327,0.0
889,10-23-2015,64.3800,64.4300,63.6000,63.7300,1077075,0.0
888,10-26-2015,63.7700,64.1200,63.1500,64.0700,436537,0.0
887,10-27-2015,63.8100,64.5000,63.7350,64.5000,1020539,0.0
886,10-28-2015,64.5800,65.3400,63.6100,65.2000,1158031,0.0
885,10-29-2015,67.5000,67.5000,62.6400,64.5100,1801643,0.0
884,10-30-2015,64.5900,65.6600,63.9600,65.1700,1029526,0.0
883,11-2-2015,65.1800,66.8400,64.9000,66.7500,936936,0.0
882,11-3-2015,66.5000,66.5000,65.1500,65.3300,877326,0.0
881,11-4-2015,64.4600,65.3600,64.4600,64.7000,1181883,0.0
880,11-5-2015,63.9800,64.5000,63.6700,64.1600,1010555,0.0
879,11-6-2015,64.0800,64.5400,63.2700,64.2700,855976,0.0
878,11-9-2015,64.2200,64.2400,63.0200,63.6800,783379,0.0
877,11-10-2015,63.6200,63.7900,62.7700,63.3300,839542,0.0
876,11-11-2015,63.5800,65.0700,63.3400,65.0100,747618,0.0
875,11-12-2015,64.5000,65.1000,64.2500,64.6800,1038310,0.0
874,11-13-2015,64.6300,65.0200,63.6600,63.6900,650615,0.0
873,11-16-2015,63.9900,64.8800,63.5900,64.7200,778030,0.0
872,11-17-2015,65.0000,65.1400,64.3400,64.5900,846235,0.0
871,11-18-2015,65.1700,65.9000,64.6700,65.8500,1059883,0.0
870,11-19-2015,65.9000,66.7600,65.4300,66.6800,1700968,0.0
869,11-20-2015,66.8200,67.0000,66.2400,66.5100,2378031,0.0
868,11-23-2015,66.6400,66.8300,65.4500,65.6900,777658,0.0
867,11-24-2015,65.4700,65.4700,64.5400,65.1800,988868,0.0
866,11-25-2015,65.5000,66.6699,65.1800,66.4000,634277,0.0
865,11-27-2015,66.4900,67.2800,66.4000,67.1300,274570,0.0
864,11-30-2015,67.2700,67.9900,67.0100,67.2100,1311653,0.0
863,12-1-2015,67.3400,68.0800,67.2500,68.0300,898978,0.0
862,12-2-2015,67.9000,68.0750,67.0300,67.3100,643968,0.0
861,12-3-2015,67.4000,67.4000,65.4100,66.1000,578212,0.0
860,12-4-2015,66.3500,67.4820,65.8800,67.1200,660725,0.0
859,12-7-2015,66.9700,67.1500,66.3600,66.3900,534776,0.0
858,12-8-2015,65.6400,66.5000,65.4200,65.8500,464879,0.0
857,12-9-2015,65.1400,66.3700,64.9700,65.1800,577520,0.0
856,12-10-2015,65.1800,65.9200,64.9850,65.3900,571176,0.0
855,12-11-2015,64.7400,65.4400,64.4300,64.5900,518224,0.0
854,12-14-2015,64.5300,64.9700,63.6400,64.9100,812508,0.0
853,12-15-2015,65.2100,65.7300,64.9450,65.4300,582038,0.0
852,12-16-2015,65.9700,66.6600,65.4200,66.4600,611174,0.0
851,12-17-2015,66.4800,66.4800,65.6000,65.6200,586352,0.0
850,12-18-2015,65.3900,65.5400,63.9600,64.6500,1598349,0.0
849,12-21-2015,65.0000,65.4900,64.3800,64.7600,459395,0.0
848,12-22-2015,65.0700,65.2000,64.4200,65.1700,443928,0.0
847,12-23-2015,65.5500,65.9400,65.2400,65.8200,313432,0.0
846,12-24-2015,65.8400,65.9200,65.4400,65.6100,114249,0.0
845,12-28-2015,65.4500,66.3900,65.1200,66.3100,304005,0.0
844,12-29-2015,67.0400,67.5400,66.5700,66.9600,475413,0.0
843,12-30-2015,66.7000,67.0900,66.4500,66.6100,309944,0.0
842,12-31-2015,66.2600,66.9200,65.3100,65.9200,310916,0.0
841,1-4-2016,64.8800,64.8800,63.3900,64.5300,845036,0.0
840,1-5-2016,64.5700,65.4000,64.1050,64.4600,525644,0.0
839,1-6-2016,63.6200,63.8300,62.3900,62.7700,505485,0.0
838,1-7-2016,61.6300,62.2900,60.7500,60.9600,614109,0.0
837,1-8-2016,61.3000,61.7100,59.6200,59.7700,675735,0.0
836,1-11-2016,60.0200,60.4450,58.9800,59.4900,562666,0.0
835,1-12-2016,59.9600,60.4350,59.3300,60.1100,521537,0.0
834,1-13-2016,60.5300,60.6900,58.6600,58.8100,513352,0.0
833,1-14-2016,59.8000,60.9400,59.0400,60.2300,929358,0.0
832,1-15-2016,60.4200,60.4200,56.6600,58.6800,1231471,0.0
831,1-19-2016,60.0500,60.2100,57.2800,58.0100,1000025,0.0
830,1-20-2016,57.5500,58.0400,55.5300,57.4100,1355205,0.0
829,1-21-2016,57.4400,57.7700,55.7600,57.2100,1152552,0.0
828,1-22-2016,58.1500,60.1250,58.1300,59.9600,1086943,0.0
827,1-25-2016,59.6900,60.3500,58.8300,59.1900,1114665,0.0
826,1-26-2016,59.0400,60.1200,58.7750,59.9400,638047,0.0
825,1-27-2016,59.6800,60.5700,59.3700,59.7300,712288,0.0
824,1-28-2016,60.0600,60.1700,58.7600,59.2200,668130,0.0
823,1-29-2016,59.5300,60.6500,59.1700,60.5600,677677,0.0
822,2-1-2016,60.0000,60.7400,59.5300,60.4500,982728,0.0
821,2-2-2016,59.9500,59.9500,58.3100,58.7300,1217330,0.0
820,2-3-2016,59.3900,59.4900,57.7000,59.3800,897595,0.0
819,2-4-2016,59.3200,60.9700,59.2150,59.8000,542807,0.0
818,2-5-2016,59.8300,60.3500,56.0100,56.2700,1627224,0.0
817,2-8-2016,55.3800,55.8800,52.9500,53.7700,2160965,0.0
816,2-9-2016,53.3300,54.9500,53.1900,54.2800,1425704,0.0
815,2-10-2016,54.8100,56.5200,54.4100,54.8500,1245856,0.0
814,2-11-2016,56.1900,58.7725,54.4500,56.7400,2540757,0.0
813,2-12-2016,58.0900,58.8700,57.1700,57.5000,1869096,0.0
812,2-16-2016,58.3800,58.8101,56.8800,58.5000,1177570,0.0
811,2-17-2016,58.9000,59.5500,58.4300,58.8100,1186343,0.0
810,2-18-2016,59.0900,59.4000,58.3800,58.5900,987345,0.0
809,2-19-2016,58.5000,58.8000,57.9700,58.7600,2485984,0.0
808,2-22-2016,59.4500,61.4300,59.0500,61.0700,988507,0.0
807,2-23-2016,60.8000,62.0000,60.5300,61.1100,742947,0.0
806,2-24-2016,60.4500,62.7700,60.0100,62.6300,1014753,0.0
805,2-25-2016,62.7200,63.8700,60.6000,63.8000,912107,0.0
804,2-26-2016,64.0000,64.5000,63.1300,63.8800,748825,0.0
803,2-29-2016,63.9200,64.2400,62.9400,63.0000,1127875,0.0
802,3-1-2016,63.5800,64.9100,63.3200,64.8300,1140982,0.0
801,3-2-2016,64.5900,64.9800,64.0450,64.6400,674024,0.0
800,3-3-2016,64.5700,64.9800,64.2200,64.8400,695908,0.0
799,3-4-2016,64.8300,64.9975,63.8400,63.9400,837111,0.0
798,3-7-2016,63.5900,63.9600,62.9800,63.4900,913106,0.0
797,3-8-2016,63.0800,63.3600,62.4300,62.9500,970839,0.0
796,3-9-2016,63.4300,63.6800,62.8700,63.3200,479048,0.0
795,3-10-2016,63.5500,64.1100,62.6300,63.1000,579415,0.0
794,3-11-2016,63.6600,63.8400,63.2300,63.6300,440112,0.0
793,3-14-2016,63.2300,64.4700,63.2300,64.1700,569786,0.0
792,3-15-2016,63.6600,64.1500,63.4100,63.6400,463092,0.0
791,3-16-2016,63.3400,64.1000,63.0300,63.7600,486881,0.0
790,3-17-2016,63.6300,64.5200,63.1501,64.3700,596168,0.0
789,3-18-2016,64.6800,65.3600,64.4900,64.5600,865727,0.0
788,3-21-2016,64.2600,64.7400,63.9700,64.4900,701806,0.0
787,3-22-2016,64.1600,64.4600,63.9501,64.2200,536856,0.0
786,3-23-2016,64.0700,64.0700,63.2200,63.3600,454627,0.0
785,3-24-2016,63.2300,63.3800,62.6900,63.1400,448059,0.0
784,3-28-2016,63.3300,63.5300,62.9300,63.3700,313625,0.0
783,3-29-2016,63.4100,63.8100,62.9600,63.6400,590649,0.0
782,3-30-2016,63.8200,63.9400,63.0400,63.8400,471099,0.0
781,3-31-2016,63.8000,64.2900,63.4600,63.7100,521098,0.0
780,4-1-2016,63.4700,65.5000,63.0800,65.3800,933741,0.0
779,4-4-2016,65.3700,65.8400,64.6700,64.8600,453750,0.0
778,4-5-2016,64.5500,65.2200,64.0700,64.7000,979025,0.0
777,4-6-2016,64.8600,66.2800,64.6800,66.2100,1143841,0.0
776,4-7-2016,65.9900,65.9900,63.7700,63.9700,1018864,0.0
775,4-8-2016,64.5300,64.7600,63.9100,64.0600,429404,0.0
774,4-11-2016,64.5500,64.7250,63.2850,63.4100,577990,0.0
773,4-12-2016,63.4400,63.9900,63.1300,63.4100,574217,0.0
772,4-13-2016,63.6400,64.3300,63.3500,64.2800,746645,0.0
771,4-14-2016,64.2200,64.2700,63.5100,63.7000,463732,0.0
770,4-15-2016,63.5800,63.8300,63.3200,63.7700,340659,0.0
769,4-18-2016,63.5100,64.5600,63.4950,64.2500,315908,0.0
768,4-19-2016,64.3500,64.5900,63.7500,63.8800,457778,0.0
767,4-20-2016,63.9900,64.2200,63.5800,63.9100,350928,0.0
766,4-21-2016,63.9500,64.3800,63.1400,63.2400,359664,0.0
765,4-22-2016,63.3300,64.2900,63.2600,64.2400,557600,0.0
764,4-25-2016,64.3100,64.7400,63.9300,64.7000,535045,0.0
763,4-26-2016,65.0000,65.7590,64.8800,65.6700,778817,0.0
762,4-27-2016,65.8500,66.9100,65.4700,66.8300,994629,0.0
761,4-28-2016,63.9500,66.2000,63.6600,65.2400,1756683,0.0
760,4-29-2016,65.2300,65.5400,64.5700,65.4500,958186,0.0
759,5-2-2016,65.4900,67.1200,65.3400,66.5000,993298,0.0
758,5-3-2016,66.3000,66.4400,65.4000,65.6900,822848,0.0
757,5-4-2016,65.3700,65.6050,64.8300,65.4600,539027,0.0
756,5-5-2016,65.4900,65.7800,64.9000,65.3700,769481,0.0
755,5-6-2016,65.3700,66.0500,64.8000,66.0100,372355,0.0
754,5-9-2016,65.9800,66.5300,65.6900,66.1700,441708,0.0
753,5-10-2016,66.5800,67.0200,66.2650,66.9400,327492,0.0
752,5-11-2016,66.9400,67.2400,65.8900,65.9400,283872,0.0
751,5-12-2016,66.2900,66.4300,65.5500,66.1300,306889,0.0
750,5-13-2016,66.0100,66.9400,65.5600,66.0100,542590,0.0
749,5-16-2016,66.0800,66.6650,65.6800,66.3400,476092,0.0
748,5-17-2016,66.4300,67.1100,65.9700,66.8300,1042115,0.0
747,5-18-2016,66.7300,67.4500,66.2200,67.1800,720411,0.0
746,5-19-2016,66.6800,67.4100,66.4700,67.2100,1228141,0.0
745,5-20-2016,67.6900,68.6100,67.2700,67.3600,583117,0.0
744,5-23-2016,67.3900,67.4000,66.8400,67.2200,447404,0.0
743,5-24-2016,67.7000,68.4500,67.0700,68.1200,504458,0.0
742,5-25-2016,68.4500,68.4649,67.4400,67.9500,824916,0.0
741,5-26-2016,67.9500,68.3300,67.6900,67.7300,331957,0.0
740,5-27-2016,67.7600,68.4900,67.7200,67.9900,425478,0.0
739,5-31-2016,68.0700,68.3500,67.3500,67.6400,563701,0.0
738,6-1-2016,67.4800,68.2600,67.0300,68.1900,638104,0.0
737,6-2-2016,68.0300,68.1800,67.5100,68.1300,575439,0.0
736,6-3-2016,67.8600,68.1100,67.3400,67.8900,333728,0.0
735,6-6-2016,68.1400,68.1750,67.4700,67.9000,447694,0.0
734,6-7-2016,67.9300,68.1700,67.4200,67.7500,596715,0.0
733,6-8-2016,67.6900,69.1000,67.4950,69.0100,715429,0.0
732,6-9-2016,68.6700,69.1000,68.3100,68.9800,441939,0.0
731,6-10-2016,68.9600,69.0500,67.5900,67.9200,589611,0.0
730,6-13-2016,67.5200,68.1600,67.2300,67.4900,665158,0.0
729,6-14-2016,67.4400,67.6900,66.9000,67.6300,557051,0.0
728,6-15-2016,68.0000,68.4200,67.8600,68.1600,701607,0.0
727,6-16-2016,67.7000,68.3600,67.4392,68.2000,703971,0.0
726,6-17-2016,68.3400,68.5200,67.6600,67.6900,511323,0.0
725,6-20-2016,68.1700,69.1400,68.1700,68.9500,351168,0.0
724,6-21-2016,68.9400,69.2500,68.5500,69.0200,587450,0.0
723,6-22-2016,68.9000,69.6900,68.8200,68.8400,484823,0.0
722,6-23-2016,69.2500,69.4450,68.9050,69.2500,419729,0.0
721,6-24-2016,66.8600,67.9300,65.6600,65.7200,1093672,0.0
720,6-27-2016,65.0600,65.2100,63.4500,64.0200,1187969,0.0
719,6-28-2016,64.4300,66.5100,64.2000,66.4100,857614,0.0
718,6-29-2016,66.8400,68.4500,66.7700,68.0100,961459,0.0
717,6-30-2016,68.0700,69.4600,68.0500,69.4300,578362,0.0
716,7-1-2016,69.3000,69.5700,68.2800,68.8000,774994,0.0
715,7-5-2016,68.3600,68.5400,67.5200,68.0100,455816,0.0
714,7-6-2016,67.9300,68.6200,67.4600,68.2600,980822,0.0
713,7-7-2016,68.4900,68.9900,68.0700,68.6400,333146,0.0
712,7-8-2016,69.1400,69.9500,69.0200,69.7400,386392,0.0
711,7-11-2016,70.0000,70.6300,69.8400,69.9300,501788,0.0
710,7-12-2016,70.2300,70.7700,70.0950,70.5300,427690,0.0
709,7-13-2016,71.0100,71.0100,70.2100,70.4400,331650,0.0
708,7-14-2016,71.0700,71.4150,70.8500,71.0100,462453,0.0
707,7-15-2016,71.2100,71.5600,70.8750,71.3500,363003,0.0
706,7-18-2016,71.3500,71.5000,70.7500,70.9400,291383,0.0
705,7-19-2016,70.8400,71.9200,70.7500,71.8400,802405,0.0
704,7-20-2016,71.9200,72.2000,71.4750,71.9300,317890,0.0
703,7-21-2016,71.9300,71.9500,71.3800,71.5600,257318,0.0
702,7-22-2016,71.4700,72.4450,71.2300,72.3400,471036,0.0
701,7-25-2016,71.6900,71.9800,71.4600,71.8700,390052,0.0
700,7-26-2016,71.9500,72.6600,71.8750,72.4600,579332,0.0
699,7-27-2016,72.5500,72.5900,71.4600,71.8800,758590,0.0
698,7-28-2016,72.7500,73.4200,72.1500,72.7800,841059,0.0
697,7-29-2016,72.8200,73.4900,72.1900,72.3900,963955,0.0
696,8-1-2016,72.2100,72.6300,71.6100,72.4000,632938,0.0
695,8-2-2016,70.9900,72.0700,70.7450,71.6900,618612,0.0
694,8-3-2016,71.7000,71.7000,70.7600,71.0500,720655,0.0
693,8-4-2016,71.2300,71.7900,70.9200,71.0000,658810,0.0
692,8-5-2016,71.5600,71.6450,71.1900,71.4100,651569,0.0
691,8-8-2016,71.3600,71.5600,70.6700,70.9800,672831,0.0
690,8-9-2016,71.1100,71.3100,70.7400,71.3100,716152,0.0
689,8-10-2016,71.5000,71.5000,70.9100,71.3500,485752,0.0
688,8-11-2016,71.4900,72.0700,71.4100,71.8100,489974,0.0
687,8-12-2016,71.8100,72.5400,71.6800,72.3500,598080,0.0
686,8-15-2016,72.6300,73.2200,72.4000,72.8200,602818,0.0
685,8-16-2016,72.5800,73.1100,72.1600,72.2300,402552,0.0
684,8-17-2016,72.2300,72.3000,71.2900,71.6600,597812,0.0
683,8-18-2016,71.5800,72.1000,71.3901,71.8900,283425,0.0
682,8-19-2016,71.6200,71.6700,71.0900,71.2800,546783,0.0
681,8-22-2016,71.2200,72.0600,71.0800,71.9100,624898,0.0
680,8-23-2016,72.0800,72.6100,72.0800,72.1800,390211,0.0
679,8-24-2016,72.0100,72.2500,71.6600,71.8000,484054,0.0
678,8-25-2016,71.6900,72.1900,71.4850,72.0900,310379,0.0
677,8-26-2016,72.2500,72.4900,71.1800,71.5800,308759,0.0
676,8-29-2016,71.6900,72.1700,71.4300,72.1000,354704,0.0
675,8-30-2016,71.9300,72.1300,71.0700,71.2600,450546,0.0
674,8-31-2016,71.0800,71.4900,70.6900,71.2200,573928,0.0
673,9-1-2016,71.3200,71.8800,70.7150,71.8400,534715,0.0
672,9-2-2016,72.0500,72.5500,71.9201,72.3900,420771,0.0
671,9-6-2016,72.3600,72.7500,71.6750,72.0700,329403,0.0
670,9-7-2016,71.9000,71.9400,70.5950,70.8900,757757,0.0
669,9-8-2016,70.6800,70.9100,69.7250,69.8800,516445,0.0
668,9-9-2016,69.3600,69.6440,66.8300,66.8300,951373,0.0
667,9-12-2016,66.7300,67.6400,66.7100,67.3800,1185231,0.0
666,9-13-2016,66.5700,67.0400,66.1900,66.5800,620977,0.0
665,9-14-2016,66.6500,66.9800,65.8300,66.0900,749344,0.0
664,9-15-2016,66.0500,67.1300,65.9900,66.8500,1716793,0.0
663,9-16-2016,66.4300,66.5150,66.1000,66.2500,989820,0.0
662,9-19-2016,66.2500,67.7300,66.1000,67.3700,1088350,0.0
661,9-20-2016,67.7400,67.8500,67.0600,67.3600,494259,0.0
660,9-21-2016,67.7100,68.0300,66.7700,67.8800,508877,0.0
659,9-22-2016,68.5600,69.3800,68.5600,69.0500,726035,0.0
658,9-23-2016,69.0500,69.0500,68.4200,68.6700,340597,0.0
657,9-26-2016,68.4200,68.6100,67.7400,68.2500,204521,0.0
656,9-27-2016,68.1900,68.9600,68.1400,68.9400,280024,0.0
655,9-28-2016,69.0500,69.4200,68.4900,69.4100,366030,0.0
654,9-29-2016,69.1900,69.4700,67.7700,68.2600,672035,0.0
653,9-30-2016,68.4400,69.4000,67.9650,68.9100,1014660,0.0
652,10-3-2016,68.6600,69.1000,68.1600,68.1700,647347,0.0
651,10-4-2016,68.2100,68.4500,67.2000,67.3800,601960,0.0
650,10-5-2016,67.7700,67.8600,66.8500,67.5500,854602,0.0
649,10-6-2016,67.6000,68.1100,67.2300,67.9500,488926,0.0
648,10-7-2016,68.1600,68.1600,66.6200,66.8800,642028,0.0
647,10-10-2016,67.1100,67.6400,66.9800,67.2800,591410,0.0
646,10-11-2016,67.0000,67.2300,65.6200,66.2300,686794,0.0
645,10-12-2016,66.2800,67.2600,66.1300,67.0300,510071,0.0
644,10-13-2016,66.4300,66.7500,65.8500,66.5400,296081,0.0
643,10-14-2016,67.0200,68.2400,66.9300,67.6900,840383,0.0
642,10-17-2016,68.3300,69.5000,68.0800,68.3400,691199,0.0
641,10-18-2016,68.9900,68.9900,67.8100,67.9000,633402,0.0
640,10-19-2016,67.9300,68.0029,67.1700,67.2000,613873,0.0
639,10-20-2016,67.1900,67.6200,66.4700,67.2800,552032,0.0
638,10-21-2016,66.6600,67.2600,65.8300,67.1800,759321,0.0
637,10-24-2016,67.6900,68.1900,67.5300,67.7600,619598,0.0
636,10-25-2016,67.5600,67.5600,65.4300,65.5200,821996,0.0
635,10-26-2016,65.4300,65.7400,65.0900,65.5900,1536997,0.0
634,10-27-2016,64.1600,64.5100,61.4700,62.8400,2817691,0.0
633,10-28-2016,62.6500,64.7500,62.6500,63.5900,1198516,0.0
632,10-31-2016,63.5600,64.2900,63.5600,63.8400,1601109,0.0
631,11-1-2016,63.9100,64.5000,62.9200,63.4600,2094615,0.0
630,11-2-2016,63.3200,63.8100,62.9700,63.3500,1171422,0.0
629,11-3-2016,63.4000,63.8800,63.0700,63.2900,835170,0.0
628,11-4-2016,63.4800,64.6900,63.3100,63.6400,1692923,0.0
627,11-7-2016,64.7600,65.4800,64.5326,65.4200,713546,0.0
626,11-8-2016,65.3100,65.9700,64.9000,65.7100,429891,0.0
625,11-9-2016,64.3200,67.2600,64.3100,66.7500,1053288,0.0
624,11-10-2016,67.2800,69.9500,67.0700,69.1100,1358725,0.0
623,11-11-2016,68.9500,69.9000,68.9500,69.3100,1187921,0.0
622,11-14-2016,69.3800,69.4400,68.3900,68.5900,1245867,0.0
621,11-15-2016,68.6000,68.9400,68.1100,68.7700,887542,0.0
620,11-16-2016,68.7900,68.7900,67.5200,67.5700,575386,0.0
619,11-17-2016,67.6600,68.6100,67.6300,68.2800,600483,0.0
618,11-18-2016,68.0400,68.6000,67.0800,67.3200,637805,0.0
617,11-21-2016,67.6800,68.3200,67.0400,67.9300,595832,0.0
616,11-22-2016,67.9300,68.2000,67.5400,68.0000,545926,0.0
615,11-23-2016,67.9300,68.3100,67.2100,67.7000,648092,0.0
614,11-25-2016,67.9900,68.0100,67.1800,67.9100,220889,0.0
613,11-28-2016,67.5700,67.8000,67.2000,67.4000,548290,0.0
612,11-29-2016,67.5500,67.8400,67.1700,67.4800,403099,0.0
611,11-30-2016,67.6700,67.9300,66.5100,66.9100,733130,0.0
610,12-1-2016,66.9700,67.3200,65.2500,65.4600,1391371,0.0
609,12-2-2016,65.4300,65.6800,64.7850,64.8700,621327,0.0
608,12-5-2016,65.1900,65.2400,64.4600,64.6100,789878,0.0
607,12-6-2016,64.6900,65.1100,64.3300,65.0000,854589,0.0
606,12-7-2016,65.1300,65.9500,64.8300,65.7800,1093751,0.0
605,12-8-2016,65.6300,66.0600,65.2950,65.3800,722303,0.0
604,12-9-2016,65.4700,65.7900,65.1700,65.6800,411377,0.0
603,12-12-2016,65.6800,65.7900,64.5700,65.1200,658558,0.0
602,12-13-2016,65.1400,65.9200,65.0300,65.6500,776068,0.0
601,12-14-2016,65.6700,66.1800,65.3500,65.4400,770126,0.0
600,12-15-2016,65.4700,65.8500,64.7800,64.9000,774922,0.0
599,12-16-2016,65.1100,65.4300,64.1100,64.2200,1268952,0.0
598,12-19-2016,64.4800,65.6200,64.3000,64.9100,513148,0.0
597,12-20-2016,65.0600,65.3600,64.9400,65.3300,468150,0.0
596,12-21-2016,65.4100,65.7100,64.9550,65.5500,559204,0.0
595,12-22-2016,65.4500,65.7900,65.1000,65.2500,551152,0.0
594,12-23-2016,65.3500,65.6500,65.2200,65.3900,266083,0.0
593,12-27-2016,65.4500,65.6500,65.1600,65.5400,173577,0.0
592,12-28-2016,65.5600,65.9100,64.7600,64.8000,361629,0.0
591,12-29-2016,64.8700,65.1600,64.4300,64.7700,332174,0.0
590,12-30-2016,65.0400,65.2000,63.7100,64.0000,501815,0.0
589,1-3-2017,64.6400,65.1100,63.9100,64.7000,689793,0.0
588,1-4-2017,64.6800,66.2200,64.6800,65.9300,959560,0.0
587,1-5-2017,65.5800,66.3550,65.3300,66.2900,808866,0.0
586,1-6-2017,66.3900,66.6500,65.8000,65.8900,1238658,0.0
585,1-9-2017,65.6400,65.8900,65.2000,65.4200,850615,0.0
584,1-10-2017,65.1100,65.2700,63.8100,64.5000,1806109,0.0
583,1-11-2017,64.7600,65.7300,64.3900,65.7000,893160,0.0
582,1-12-2017,65.3300,66.2100,65.1300,66.1200,737708,0.0
581,1-13-2017,66.2100,66.7600,65.4800,65.5000,509048,0.0
580,1-17-2017,65.1300,66.1000,64.9300,65.8700,653723,0.0
579,1-18-2017,65.9400,66.6400,65.8150,66.4800,601513,0.0
578,1-19-2017,66.6400,67.3200,66.4500,66.5800,720046,0.0
577,1-20-2017,66.5400,66.5400,64.6200,65.1600,1013005,0.0
576,1-23-2017,64.8300,65.7800,64.7500,65.0700,829809,0.0
575,1-24-2017,65.3100,66.8700,65.3100,66.4200,759637,0.0
574,1-25-2017,67.0000,68.5400,66.0600,66.6000,835992,0.0
573,1-26-2017,66.6000,66.9500,65.6500,65.9500,808521,0.0
572,1-27-2017,66.1600,66.6100,65.9700,66.5200,450705,0.0
571,1-30-2017,66.0200,66.0600,64.8200,65.8400,709294,0.0
570,1-31-2017,65.6800,65.7400,64.7400,65.6700,594367,0.0
569,2-1-2017,65.9400,67.1000,65.3700,65.9400,685355,0.0
568,2-2-2017,65.5900,65.7500,65.0600,65.6200,992119,0.0
567,2-3-2017,66.6200,67.3900,66.2002,67.3300,950461,0.0
566,2-6-2017,67.1200,67.3400,66.5500,67.3400,626628,0.0
565,2-7-2017,67.3900,67.7500,66.8100,67.0200,873005,0.0
564,2-8-2017,67.0200,67.8000,66.7200,67.6000,922713,0.0
563,2-9-2017,67.6900,72.0000,67.0200,71.7300,2487128,0.0
562,2-10-2017,71.8000,72.3600,71.5000,71.9200,1099345,0.0
561,2-13-2017,72.2000,72.4810,71.1900,71.4500,562113,0.0
560,2-14-2017,71.3500,71.5400,70.8500,71.0800,695507,0.0
559,2-15-2017,70.8400,71.9900,70.8400,71.8300,1138203,0.0
558,2-16-2017,71.9000,73.1100,71.9000,72.9300,1067254,0.0
557,2-17-2017,72.8400,73.6800,72.4800,73.2700,865000,0.0
556,2-21-2017,73.2000,74.6700,73.1800,74.5100,1120417,0.0
555,2-22-2017,74.3200,75.0000,73.9100,74.0600,631725,0.0
554,2-23-2017,74.4400,74.5000,73.5700,73.9500,541690,0.0
553,2-24-2017,73.5500,73.9700,73.2700,73.9500,505195,0.0
552,2-27-2017,73.9100,74.2100,73.5300,73.6000,568199,0.0
551,2-28-2017,73.7600,73.9300,72.5450,72.5900,769173,0.0
550,3-1-2017,73.6700,74.3100,73.2700,73.6900,568128,0.0
549,3-2-2017,73.8500,74.2900,73.1950,73.9600,557157,0.0
548,3-3-2017,74.0500,74.3700,73.3500,73.8200,961997,0.0
547,3-6-2017,73.0000,73.6250,72.8000,73.2100,1106870,0.0
546,3-7-2017,73.2300,73.4000,72.6200,72.8600,675149,0.0
545,3-8-2017,73.0400,73.4800,72.4500,73.1100,1073897,0.0
544,3-9-2017,73.3100,73.9700,73.1200,73.4600,676293,0.0
543,3-10-2017,73.9200,74.5800,73.8700,74.4700,692608,0.0
542,3-13-2017,74.1200,74.8300,73.7700,74.7600,668353,0.0
541,3-14-2017,74.2700,74.7800,74.0000,74.3700,506618,0.0
540,3-15-2017,74.6400,75.2900,73.9800,74.9200,521168,0.0
539,3-16-2017,74.9800,75.3899,74.7050,75.1500,459299,0.0
538,3-17-2017,75.0500,75.6200,74.8200,75.4800,829454,0.0
537,3-20-2017,75.4800,75.6800,75.0100,75.2300,530421,0.0
536,3-21-2017,75.5200,75.6600,74.1900,74.2700,709377,0.0
535,3-22-2017,74.2800,74.8600,74.0500,74.7700,472889,0.0
534,3-23-2017,74.6800,75.3600,74.2900,74.8600,410677,0.0
533,3-24-2017,75.0100,75.6300,74.6500,75.0500,422706,0.0
532,3-27-2017,74.0600,75.2800,74.0000,74.8900,696311,0.0
531,3-28-2017,74.6500,75.4099,74.6500,75.1200,271874,0.0
530,3-29-2017,74.8900,75.4100,74.7100,75.4100,394380,0.0
529,3-30-2017,75.3200,75.9200,75.2600,75.8600,450967,0.0
528,3-31-2017,75.7000,76.2900,75.4700,75.7000,592299,0.0
527,4-3-2017,75.8800,76.5000,75.3100,75.7200,654782,0.0
526,4-4-2017,75.5400,75.7444,74.8300,74.9000,513247,0.0
525,4-5-2017,75.0000,75.4400,73.9300,74.1300,1267465,0.0
524,4-6-2017,74.4200,75.2974,74.1100,74.7000,556363,0.0
523,4-7-2017,74.6100,75.1400,74.5800,74.6900,384447,0.0
522,4-10-2017,74.6400,75.2150,74.5300,74.6200,450990,0.0
521,4-11-2017,74.7200,75.3500,74.4800,75.2900,761355,0.0
520,4-12-2017,75.2700,75.4500,74.4000,75.2400,824363,0.0
519,4-13-2017,75.1400,75.5500,74.8300,75.1100,926120,0.0
518,4-17-2017,75.2800,76.2300,75.1950,76.2300,414337,0.0
517,4-18-2017,75.9800,76.1400,75.6100,75.9400,418377,0.0
516,4-19-2017,76.2800,77.3400,76.2800,76.8300,666267,0.0
515,4-20-2017,77.1200,78.0500,76.8800,77.7200,417235,0.0
514,4-21-2017,77.6900,78.2200,77.5900,77.9100,750792,0.0
513,4-24-2017,78.8700,79.1900,77.7400,78.2400,711800,0.0
512,4-25-2017,78.6500,79.0900,78.3200,78.7500,370474,0.0
511,4-26-2017,78.8500,79.9700,78.1100,79.7200,1521210,0.0
510,4-27-2017,82.0000,82.0000,79.8025,80.6200,1601795,0.0
509,4-28-2017,80.0600,80.3400,78.4100,78.6400,1349320,0.0
508,5-1-2017,78.7000,78.7000,77.6200,77.7000,716479,0.0
507,5-2-2017,77.9800,78.2300,77.3000,77.6200,698129,0.0
506,5-3-2017,77.2400,77.6200,76.6800,77.2800,828794,0.0
505,5-4-2017,77.5900,77.9200,76.9800,77.3500,919662,0.0
504,5-5-2017,77.5600,77.9400,77.0000,77.5000,808196,0.0
503,5-8-2017,77.2800,77.5700,76.4000,76.8000,573289,0.0
502,5-9-2017,77.1100,77.2000,76.7500,76.9800,437959,0.0
501,5-10-2017,76.7600,76.9400,75.8500,76.8300,613198,0.0
500,5-11-2017,76.4500,77.3100,75.9450,77.2900,898346,0.0
499,5-12-2017,77.1600,77.3100,76.6400,76.7300,412519,0.0
498,5-15-2017,76.7000,77.5700,76.7000,77.2400,582400,0.0
497,5-16-2017,77.6000,78.7000,77.5800,78.4800,1238591,0.0
496,5-17-2017,77.5400,77.8300,76.8650,77.0100,1008950,0.0
495,5-18-2017,76.8300,77.7600,76.2600,77.3200,653625,0.0
494,5-19-2017,77.8300,79.4500,77.4600,79.0600,1065031,0.0
493,5-22-2017,79.2000,79.9900,79.2000,79.4600,798783,0.0
492,5-23-2017,79.5000,79.7100,78.7600,78.9000,823810,0.0
491,5-24-2017,79.0000,79.2425,78.6500,79.0500,702043,0.0
490,5-25-2017,79.2900,79.6900,79.0500,79.4600,645476,0.0
489,5-26-2017,79.3600,79.6800,79.1100,79.3800,655684,0.0
488,5-30-2017,79.3500,79.3500,78.2500,78.4600,855338,0.0
487,5-31-2017,78.6200,79.1700,77.7600,78.6300,3792394,0.0
486,6-1-2017,79.0200,79.5500,78.8000,79.1400,907170,0.0
485,6-2-2017,79.0500,80.1700,78.8700,80.0600,703672,0.0
484,6-5-2017,80.0000,80.3700,79.6350,80.0000,498556,0.0
483,6-6-2017,79.7600,80.4000,78.4700,78.5400,510368,0.0
482,6-7-2017,78.6100,79.0400,78.1200,78.3300,511542,0.0
481,6-8-2017,78.2000,78.5700,77.3700,77.6500,723064,0.0
480,6-9-2017,77.8300,78.2200,76.9000,77.2300,756876,0.0
479,6-12-2017,77.3600,78.4900,76.4700,78.4500,1033298,0.0
478,6-13-2017,78.1900,79.4000,77.8100,79.2800,611373,0.0
477,6-14-2017,79.6900,80.1200,79.4300,79.7500,563066,0.0
476,6-15-2017,79.3200,80.8300,79.0400,80.7500,600701,0.0
475,6-16-2017,81.0200,81.9300,80.7600,81.5800,822417,0.0
474,6-19-2017,82.0400,82.3800,81.6600,82.1700,401963,0.0
473,6-20-2017,81.6800,82.7700,81.5000,81.9100,520483,0.0
472,6-21-2017,82.1000,82.1000,81.3400,81.5100,437796,0.0
471,6-22-2017,81.4900,81.9000,81.1700,81.1900,298776,0.0
470,6-23-2017,81.2100,82.1800,80.9900,81.4500,573435,0.0
469,6-26-2017,81.6700,81.9600,81.2700,81.4100,236799,0.0
468,6-27-2017,81.2500,81.6200,80.4900,80.5900,456014,0.0
467,6-28-2017,81.1200,81.8300,80.8800,81.2400,264575,0.0
466,6-29-2017,81.2600,81.2600,78.9100,79.8200,542718,0.0
465,6-30-2017,80.0900,81.5000,80.0900,81.1200,454617,0.0
464,7-3-2017,81.5700,81.8350,81.3500,81.3700,217195,0.0
463,7-5-2017,81.5500,82.9000,81.3600,82.1400,416591,0.0
462,7-6-2017,81.9200,81.9200,80.5000,80.6600,423994,0.0
461,7-7-2017,80.8500,81.6400,80.2200,81.2200,401148,0.0
460,7-10-2017,81.3500,81.8500,81.0900,81.5300,471454,0.0
459,7-11-2017,81.3800,81.8400,81.0300,81.4700,354531,0.0
458,7-12-2017,82.0400,82.5300,81.5900,81.9900,374698,0.0
457,7-13-2017,81.9800,82.6900,80.6100,80.7900,541489,0.0
456,7-14-2017,80.8100,81.2900,80.4500,80.7700,416810,0.0
455,7-17-2017,80.7800,80.8500,80.4600,80.8300,295820,0.0
454,7-18-2017,80.6000,80.8900,80.1500,80.6000,374268,0.0
453,7-19-2017,80.7100,81.0000,80.5000,80.7000,303019,0.0
452,7-20-2017,80.8700,81.1350,80.1200,81.0900,513953,0.0
451,7-21-2017,80.8100,81.2800,80.1200,80.4100,399132,0.0
450,7-24-2017,80.3400,80.6950,79.6900,80.3100,286014,0.0
449,7-25-2017,80.8200,81.0700,78.7500,79.1000,680739,0.0
448,7-26-2017,79.0300,79.4000,78.4800,78.4900,853369,0.0
447,7-27-2017,78.9900,81.2600,77.6200,81.2000,1371760,0.0
446,7-28-2017,81.3100,82.0000,80.2300,81.4000,736103,0.0
445,7-31-2017,81.5600,81.8900,80.7400,81.2400,612397,0.0
444,8-1-2017,80.8600,81.3200,80.4600,81.3200,878541,0.0
443,8-2-2017,81.1800,81.3800,79.8600,80.8500,521661,0.0
442,8-3-2017,80.9900,81.1100,80.1400,80.7600,372177,0.0
441,8-4-2017,80.8600,81.3200,80.4600,81.3200,343885,0.0
440,8-7-2017,81.3300,82.0600,80.8200,81.9900,321387,0.0
439,8-8-2017,81.9100,82.2540,81.3100,81.3700,468618,0.0
438,8-9-2017,81.3100,81.5200,80.4600,80.5900,353956,0.0
437,8-10-2017,80.1900,80.4800,78.8600,78.9200,459863,0.0
436,8-11-2017,78.9300,79.7700,78.6300,79.2800,354138,0.0
435,8-14-2017,79.8400,80.0300,79.0800,79.4700,420397,0.0
434,8-15-2017,79.5000,79.5000,78.7400,78.9500,270221,0.0
433,8-16-2017,79.0400,79.6300,78.8900,79.2900,402002,0.0
432,8-17-2017,79.1800,79.9600,78.7600,78.8300,492703,0.0
431,8-18-2017,78.5800,78.8700,78.0600,78.1700,326669,0.0
430,8-21-2017,78.2000,78.3200,77.4200,77.4800,382527,0.0
429,8-22-2017,77.6800,78.3200,77.2800,78.0800,507629,0.0
428,8-23-2017,77.8100,77.8528,76.7900,77.0900,610428,0.0
427,8-24-2017,77.2400,77.5400,76.8200,77.1500,359051,0.0
426,8-25-2017,77.5800,77.8100,77.4300,77.6200,376778,0.0
425,8-28-2017,77.9700,78.2500,77.8200,78.0500,423540,0.0
424,8-29-2017,77.7200,78.3400,77.7000,77.7700,271894,0.0
423,8-30-2017,77.7400,78.3400,77.4500,78.3000,292300,0.0
422,8-31-2017,78.7100,79.0000,78.4500,78.7100,488028,0.0
421,9-1-2017,79.0300,79.4000,78.8450,79.1500,517796,0.0
420,9-5-2017,79.1600,80.0000,79.1600,79.4000,639751,0.0
419,9-6-2017,79.8600,80.5300,79.5750,80.2600,602890,0.0
418,9-7-2017,80.3800,80.6300,79.7000,80.2200,393719,0.0
417,9-8-2017,80.2100,81.4000,79.9000,80.8100,512543,0.0
416,9-11-2017,81.2300,81.6400,80.4800,81.0700,759313,0.0
415,9-12-2017,81.3300,81.6200,80.9500,81.0000,660509,0.0
414,9-13-2017,81.0900,81.8700,80.4300,81.8100,586127,0.0
413,9-14-2017,81.6600,82.6500,81.4150,82.6200,784207,0.0
412,9-15-2017,82.6300,82.9700,82.1200,82.7700,978928,0.0
411,9-18-2017,82.9800,83.1200,82.1900,82.6500,508103,0.0
410,9-19-2017,82.7600,83.1400,82.0600,82.8500,675251,0.0
409,9-20-2017,83.0100,84.0400,82.5700,83.5700,1015487,0.0
408,9-21-2017,83.2500,83.8200,83.2500,83.4700,465026,0.0
407,9-22-2017,83.6200,84.6400,83.3400,84.5500,888915,0.0
406,9-25-2017,84.4100,84.8000,84.2850,84.5000,433833,0.0
405,9-26-2017,84.7500,85.6200,84.5000,85.3500,512991,0.0
404,9-27-2017,85.6100,86.4500,85.2900,85.3300,746574,0.0
403,9-28-2017,85.2900,85.8200,84.8200,85.7600,583494,0.0
402,9-29-2017,85.6800,86.8900,85.6800,86.4700,490732,0.0
401,10-2-2017,86.5600,86.9500,86.2800,86.5300,518607,0.0
400,10-3-2017,86.6600,87.6900,86.4800,87.4700,529270,0.0
399,10-4-2017,87.4200,87.7600,86.5500,86.7300,828509,0.0
398,10-5-2017,86.8300,87.2500,86.0300,87.0700,693998,0.0
397,10-6-2017,87.0400,87.3300,86.6000,87.1900,716781,0.0
396,10-9-2017,87.3700,87.6900,86.6501,87.6200,297913,0.0
395,10-10-2017,87.8200,87.9800,87.1900,87.8100,415904,0.0
394,10-11-2017,88.1100,88.3200,87.6000,88.1500,743782,0.0
393,10-12-2017,87.8800,89.7500,87.6201,89.5600,913508,0.0
392,10-13-2017,89.8100,89.8100,88.1900,88.3000,380531,0.0
391,10-16-2017,88.5200,88.9450,88.0100,88.1400,349689,0.0
390,10-17-2017,88.1100,88.3500,86.8200,87.0000,767073,0.0
389,10-18-2017,87.2500,87.9300,87.2500,87.6000,569065,0.0
388,10-19-2017,87.4600,87.8200,87.2300,87.7400,422807,0.0
387,10-20-2017,87.5000,88.2850,87.4100,88.0200,546194,0.0
386,10-23-2017,87.9900,88.1600,87.2200,87.3100,379498,0.0
385,10-24-2017,87.6000,88.7500,87.5600,88.4800,617382,0.0
384,10-25-2017,88.1800,88.4600,85.5500,86.5000,837829,0.0
383,10-26-2017,80.0000,82.0100,79.2600,80.7000,552841,0.0
382,10-27-2017,80.1300,81.0400,78.6300,80.2900,1919711,0.0
381,10-30-2017,81.0200,82.8500,80.7250,81.9700,1269017,0.0
380,10-31-2017,82.7000,83.5500,82.2300,83.3900,1405867,0.0
379,11-1-2017,83.5800,84.1050,82.2900,82.7300,700603,0.0
378,11-2-2017,82.8800,82.9900,81.7000,82.2300,852551,0.0
377,11-3-2017,82.5800,82.5900,81.6000,82.0200,896132,0.0
376,11-6-2017,82.0200,83.4700,81.8201,83.0900,715746,0.0
375,11-7-2017,83.2700,84.6300,82.6675,83.5300,851322,0.0
374,11-8-2017,83.4400,83.5100,81.9600,83.4300,388736,0.0
373,11-9-2017,83.0600,83.3500,81.4600,82.0800,429499,0.0
372,11-10-2017,81.5700,83.2700,81.2250,83.1300,565187,0.0
371,11-13-2017,82.9300,84.2900,82.7223,83.9400,840137,0.0
370,11-14-2017,83.6400,84.0000,82.7150,82.9000,842432,0.0
369,11-15-2017,82.6200,82.6600,81.6500,82.0300,473131,0.0
368,11-16-2017,82.2500,83.0600,81.9500,82.4100,334734,0.0
367,11-17-2017,82.5200,82.8900,82.0200,82.6500,505535,0.0
366,11-20-2017,82.6000,83.6600,82.6000,83.2400,338108,0.0
365,11-21-2017,83.6000,83.8000,82.8700,83.4000,444358,0.0
364,11-22-2017,83.3200,83.8000,82.7700,83.1600,391546,0.0
363,11-24-2017,83.1600,83.5700,82.8900,82.9200,196479,0.0
362,11-27-2017,83.1100,84.1550,82.5900,83.1000,720583,0.0
361,11-28-2017,83.2100,84.0200,82.8200,83.3300,650138,0.0
360,11-29-2017,83.5400,83.7800,82.4700,82.9400,746138,0.0
359,11-30-2017,83.0100,84.2300,82.5500,84.1400,970436,0.0
358,12-1-2017,84.2300,84.8300,82.4800,84.5800,862692,0.0
357,12-4-2017,85.3900,85.7600,83.3800,83.4300,766331,0.0
356,12-5-2017,83.2900,83.7100,82.0000,82.0000,537918,0.0
355,12-6-2017,82.0000,82.3900,81.3850,81.7900,493605,0.0
354,12-7-2017,82.0700,83.1600,82.0100,83.1100,643537,0.0
353,12-8-2017,83.7800,83.7800,82.3000,82.4600,560425,0.0
352,12-11-2017,82.1500,82.4199,81.4400,82.1700,659897,0.0
351,12-12-2017,82.2000,82.4100,81.6800,82.1500,416479,0.0
350,12-13-2017,82.5200,83.2100,81.8500,82.6400,721265,0.0
349,12-14-2017,83.0800,83.1500,81.5900,81.6800,586007,0.0
348,12-15-2017,82.5600,82.7500,81.7900,82.2800,1233008,0.0
347,12-18-2017,82.5500,83.4400,82.4300,82.5600,819452,0.0
346,12-19-2017,82.1100,82.4700,80.0400,80.0700,1188214,0.0
345,12-20-2017,80.3550,81.4600,80.0350,81.0000,976684,0.0
344,12-21-2017,81.4250,81.7500,80.9100,81.0000,601369,0.0
343,12-22-2017,81.3100,82.0600,80.2500,80.3400,347924,0.0
342,12-26-2017,80.2900,80.7700,80.0100,80.3900,251429,0.0
341,12-27-2017,80.6600,80.7700,79.9900,80.0000,472801,0.0
340,12-28-2017,80.2500,80.7145,78.6700,79.5600,1124102,0.0
339,12-29-2017,80.0000,80.2900,78.8200,79.5600,661716,0.0
338,1-2-2018,80.0700,80.0700,79.1900,79.9100,642271,0.0
337,1-3-2018,80.2200,80.9111,79.6600,80.2500,1117391,0.0
336,1-4-2018,80.6200,81.4850,80.3500,81.3700,1210696,0.0
335,1-5-2018,81.7800,82.4450,81.1000,81.5700,848679,0.0
334,1-8-2018,81.3500,81.7000,80.9200,81.2400,539080,0.0
333,1-9-2018,81.5500,83.9000,81.1600,82.9300,925545,0.0
332,1-10-2018,82.7600,83.3500,82.1300,82.6000,851486,0.0
331,1-11-2018,82.6000,84.5500,82.6000,84.3800,987916,0.0
330,1-12-2018,84.3200,85.2700,83.7600,85.0400,904205,0.0
329,1-16-2018,85.3100,86.0000,83.6364,84.0700,649705,0.0
328,1-17-2018,84.6400,84.6400,83.5500,84.2100,740945,0.0
327,1-18-2018,84.3000,84.7300,83.7500,84.0500,542611,0.0
326,1-19-2018,84.3900,86.2800,83.9800,86.2300,879372,0.0
325,1-22-2018,85.8600,86.0900,84.5600,85.8000,473386,0.0
324,1-23-2018,85.6600,85.6600,84.7100,85.3500,671017,0.0
323,1-24-2018,85.7200,86.5800,84.9200,85.5800,482560,0.0
322,1-25-2018,86.0500,86.3000,85.0000,85.3500,345438,0.0
321,1-26-2018,85.8500,86.4050,85.3500,86.3700,585872,0.0
320,1-29-2018,86.3000,87.0700,86.1600,86.6800,582273,0.0
319,1-30-2018,86.1800,86.6400,85.4400,85.4400,524011,0.0
318,1-31-2018,85.6300,86.8190,85.5100,86.1100,898224,0.0
317,2-1-2018,85.8400,86.9900,84.7900,85.1700,528543,0.0
316,2-2-2018,84.4700,84.6036,81.4200,81.8500,895731,0.0
315,2-5-2018,81.4900,82.3500,79.0100,79.1100,928262,0.0
314,2-6-2018,77.6500,80.9300,76.7600,80.1100,1131370,0.0
313,2-7-2018,79.7400,81.2000,79.7400,79.9600,578342,0.0
312,2-8-2018,79.9200,80.2400,77.2400,77.3200,885441,0.0
311,2-9-2018,78.2100,79.0200,76.1500,78.4900,1265758,0.0
310,2-12-2018,79.1500,80.4000,78.9792,79.7500,1009942,0.0
309,2-13-2018,79.4700,80.4000,78.9400,79.6500,623074,0.0
308,2-14-2018,78.9300,80.5000,78.7450,79.9700,1074414,0.0
307,2-15-2018,80.8000,82.5700,80.5200,82.2600,685453,0.0
306,2-16-2018,82.1900,83.5350,81.8500,82.7200,692073,0.0
305,2-20-2018,86.2100,88.4100,85.3000,85.6600,1653573,0.0
304,2-21-2018,86.1300,87.9400,85.4400,86.7200,1168828,0.0
303,2-22-2018,87.2700,88.2900,85.5700,86.0400,1061858,0.0
302,2-23-2018,86.5000,87.0900,85.8300,86.1700,794750,0.0
301,2-26-2018,86.5500,88.0000,85.9700,87.8500,1002809,0.0
300,2-27-2018,87.6100,87.8500,86.6900,86.9700,1218550,0.0
299,2-28-2018,87.0300,87.0500,84.1000,84.1100,1141028,0.0
298,3-1-2018,84.1500,84.9200,81.8600,82.0700,957412,0.0
297,3-2-2018,81.6000,82.4300,80.5900,82.2300,630085,0.0
296,3-5-2018,81.6200,83.3100,81.4200,83.0100,559738,0.0
295,3-6-2018,83.0900,84.3700,82.7100,83.9200,706807,0.0
294,3-7-2018,83.2700,84.1500,83.0000,83.9300,450479,0.0
293,3-8-2018,84.4300,85.1600,84.1600,84.7600,526380,0.0
292,3-9-2018,85.2500,87.3000,85.2500,87.2100,705529,0.0
291,3-12-2018,87.5200,87.7805,87.0450,87.4000,621784,0.0
290,3-13-2018,87.7000,87.9900,85.2800,86.0900,643161,0.0
289,3-14-2018,86.4100,86.4100,85.2400,85.3600,294285,0.0
288,3-15-2018,85.5300,85.8300,84.7900,85.4800,313852,0.0
287,3-16-2018,85.3700,86.2700,85.2600,85.8800,654712,0.0
286,3-19-2018,85.8400,85.9650,84.4800,85.2500,407997,0.0
285,3-20-2018,85.3200,86.2700,84.9400,85.6300,371382,0.0
284,3-21-2018,85.7700,86.6900,85.5300,85.9400,350007,0.0
283,3-22-2018,85.2900,86.6700,84.5500,84.6000,686645,0.0
282,3-23-2018,84.8600,85.2100,82.8400,82.9600,772713,0.0
281,3-26-2018,84.1400,84.6200,83.1900,84.5600,762366,0.0
280,3-27-2018,85.0800,86.0000,83.8200,84.0000,805833,0.0
279,3-28-2018,84.0000,84.0500,82.9100,83.1300,717868,0.0
278,3-29-2018,83.7200,85.7700,83.3300,85.2900,807114,0.0
277,4-2-2018,85.2800,85.3500,82.2500,83.2400,530739,0.0
276,4-3-2018,83.4400,85.0000,83.2200,84.5900,623305,0.0
275,4-4-2018,83.4500,86.1300,82.8500,85.7400,971692,0.0
274,4-5-2018,86.0800,86.6600,84.8000,85.9400,990901,0.0
273,4-6-2018,85.5200,86.2300,83.9500,84.7500,567846,0.0
272,4-9-2018,85.5800,85.6800,84.4500,84.5400,334393,0.0
271,4-10-2018,85.6400,86.1600,85.0700,85.2300,651729,0.0
270,4-11-2018,84.4300,85.2400,84.3400,84.5400,453193,0.0
269,4-12-2018,84.9800,85.7800,84.3901,85.3100,587375,0.0
268,4-13-2018,85.7700,85.8400,84.1700,84.5600,335317,0.0
267,4-16-2018,85.3000,86.0500,84.8701,85.3700,627643,0.0
266,4-17-2018,85.7200,85.9750,85.0950,85.6200,801388,0.0
265,4-18-2018,86.0900,87.0400,85.7600,86.5000,578739,0.0
264,4-19-2018,86.1400,86.3400,84.6800,85.3900,551504,0.0
263,4-20-2018,85.5500,86.1200,84.3100,84.7500,587022,0.0
262,4-23-2018,85.1300,85.2600,83.9650,84.5200,560432,0.0
261,4-24-2018,84.9500,85.8700,81.5800,82.1500,916961,0.0
260,4-25-2018,81.9400,83.1400,81.2800,83.0300,1287416,0.0
259,4-26-2018,75.5000,79.5400,75.5000,78.5900,4987435,0.0
258,4-27-2018,78.0300,78.6900,77.0500,77.8300,1842596,0.0
257,4-30-2018,78.0000,78.4600,76.9200,77.1800,1947671,0.0
256,5-1-2018,77.2300,77.7550,75.4400,77.1400,1534407,0.0
255,5-2-2018,75.7500,77.7200,74.9400,75.1200,2406526,0.0
254,5-3-2018,74.7300,75.5700,73.8500,74.8200,1348283,0.0
253,5-4-2018,74.0700,76.4750,74.0000,76.1500,1095932,0.0
252,5-7-2018,76.2000,76.5600,75.4400,75.7400,939357,0.0
251,5-8-2018,75.6300,76.2100,75.2600,75.8900,927249,0.0
250,5-9-2018,75.9300,76.5500,75.0700,76.2800,1018774,0.0
249,5-10-2018,76.4300,77.3900,76.2700,77.3100,440977,0.0
248,5-11-2018,77.1900,78.2300,76.9100,77.2800,480801,0.0
247,5-14-2018,77.3300,78.0200,76.6500,76.8500,677364,0.0
246,5-15-2018,76.5800,76.7200,75.6500,76.4600,545251,0.0
245,5-16-2018,76.5600,77.3600,76.5000,77.0200,403439,0.0
244,5-17-2018,76.7300,77.3200,76.6400,76.8700,569232,0.0
243,5-18-2018,76.8800,78.5000,76.6000,78.3700,1382689,0.0
242,5-21-2018,78.7500,79.0900,78.4500,78.7800,577190,0.0
241,5-22-2018,78.8500,79.0900,78.3900,78.6700,1015601,0.0
240,5-23-2018,78.2800,79.2700,78.1400,79.2200,1059126,0.0
239,5-24-2018,79.2600,79.5900,78.5100,79.2600,759641,0.0
238,5-25-2018,79.1400,79.7500,78.3800,78.7900,637825,0.0
237,5-29-2018,78.3800,79.3100,77.8250,78.2700,990522,0.0
236,5-30-2018,78.8200,79.7100,78.1300,79.2100,604194,0.0
235,5-31-2018,79.3100,79.3100,76.4200,76.4300,719411,0.0
234,6-1-2018,77.1000,78.3300,77.0900,77.8900,725644,0.0
233,6-4-2018,78.1400,78.5000,77.7100,78.3200,490901,0.0
232,6-5-2018,78.5000,79.5300,78.5000,79.1700,555902,0.0
231,6-6-2018,79.2200,79.2300,78.5300,79.2300,356608,0.0
230,6-7-2018,79.4400,80.4200,79.4172,80.2100,399946,0.0
229,6-8-2018,80.1500,81.1400,80.0600,81.1200,884923,0.0
228,6-11-2018,81.1300,81.5900,81.1300,81.2600,813802,0.0
227,6-12-2018,81.4100,82.2299,81.0900,82.1700,605324,0.0
226,6-13-2018,82.1200,82.1200,80.3400,80.9000,934254,0.0
225,6-14-2018,81.1600,82.4600,80.8405,81.7900,599881,0.0
224,6-15-2018,81.5700,82.1500,80.7500,82.0700,1195237,0.0
223,6-18-2018,81.6600,81.8700,81.1400,81.4800,673211,0.0
222,6-19-2018,80.9500,81.0400,79.2900,80.1700,621640,0.0
221,6-20-2018,80.3500,80.4800,79.2900,80.0000,635750,0.0
220,6-21-2018,79.8200,79.8200,77.4950,77.8800,663918,0.0
219,6-22-2018,78.3500,78.4800,77.4500,77.6900,786874,0.0
218,6-25-2018,77.5000,77.5000,76.1400,76.3800,793872,0.0
217,6-26-2018,76.8000,76.9900,76.1900,76.3300,719793,0.0
216,6-27-2018,76.4600,77.8000,76.2500,77.3900,1331556,0.0
215,6-28-2018,77.1500,77.5100,76.6400,77.1800,734662,0.0
214,6-29-2018,77.6400,78.1600,76.8900,77.3600,669590,0.0
213,7-2-2018,76.9500,77.7100,76.6501,77.6300,466732,0.0
212,7-3-2018,78.0900,78.7400,76.9200,77.0200,233789,0.0
211,7-5-2018,77.3300,78.0700,76.8200,77.8800,528384,0.0
210,7-6-2018,77.7300,77.7300,76.6900,76.8600,1010242,0.0
209,7-9-2018,77.2600,78.3500,76.8900,77.9400,660417,0.0
208,7-10-2018,77.9900,78.4400,77.6600,78.3500,594350,0.0
207,7-11-2018,78.0900,78.2300,77.4600,77.9100,305000,0.0
206,7-12-2018,78.4000,79.2800,78.0000,79.0800,434510,0.0
205,7-13-2018,79.3000,80.0300,77.8600,79.7100,546517,0.0
204,7-16-2018,79.5900,79.8100,79.0000,79.2400,685475,0.0
203,7-17-2018,78.7400,80.1200,78.7400,80.0800,516374,0.0
202,7-18-2018,80.0500,80.3600,79.1900,79.2300,588366,0.0
201,7-19-2018,78.9200,79.2200,78.2750,78.6800,909496,0.0
200,7-20-2018,78.3800,80.4700,78.0500,79.4900,609174,0.0
199,7-23-2018,79.7300,79.8500,78.4600,78.7100,483552,0.0
198,7-24-2018,78.8600,79.9600,78.8200,79.8200,1328715,0.0
197,7-25-2018,80.0000,80.3650,78.4100,80.0900,1089775,0.0
196,7-26-2018,77.5000,82.2000,75.8900,81.4800,1136768,0.0
195,7-27-2018,81.7300,82.1000,81.1100,81.6000,1123089,0.0
194,7-30-2018,81.8900,82.4500,80.8600,80.9300,795611,0.0
193,7-31-2018,81.2900,81.8900,80.6600,81.5400,665591,0.0
192,8-1-2018,81.5400,82.2800,80.5800,80.8800,579796,0.0
191,8-2-2018,80.5500,81.3200,80.2400,81.2000,348552,0.0
190,8-3-2018,81.4000,81.9200,80.8300,81.7200,301553,0.0
189,8-6-2018,81.5800,82.7100,80.9500,82.5700,459504,0.0
188,8-7-2018,82.8700,83.5000,82.7400,83.1000,480904,0.0
187,8-8-2018,83.1800,83.1800,82.4450,82.5200,485952,0.0
186,8-9-2018,82.6300,83.2600,82.4800,82.5600,608612,0.0
185,8-10-2018,82.1900,82.3900,81.4600,81.8000,460560,0.0
184,8-13-2018,81.9200,82.2900,81.2700,81.7300,531841,0.0
183,8-14-2018,81.9800,83.5100,81.6700,83.2700,391958,0.0
182,8-15-2018,82.8800,85.6900,82.2500,85.3000,1028278,0.0
181,8-16-2018,85.6300,87.0800,85.1300,85.4300,818560,0.0
180,8-17-2018,85.3000,86.9900,85.2050,86.7000,485609,0.0
179,8-20-2018,86.9900,87.8300,86.4700,86.9600,545688,0.0
178,8-21-2018,86.9600,88.1200,86.8950,87.7900,501123,0.0
177,8-22-2018,87.5300,87.5300,86.4200,87.1000,360471,0.0
176,8-23-2018,87.1000,87.6100,86.3000,86.4400,410902,0.0
175,8-24-2018,86.7700,87.4100,86.4200,87.2700,380054,0.0
174,8-27-2018,87.8900,88.3950,87.4950,87.6900,310685,0.0
173,8-28-2018,87.9500,88.0200,87.2800,87.7200,332697,0.0
172,8-29-2018,87.7600,88.0200,86.5700,86.9600,505652,0.0
171,8-30-2018,86.9000,87.4300,86.2100,87.2900,778076,0.0
170,8-31-2018,87.1300,87.8800,87.0700,87.2200,644379,0.0
169,9-4-2018,87.1700,87.2900,86.2100,87.1500,565924,0.0
168,9-5-2018,87.2900,89.2800,87.2900,89.2000,435742,0.0
167,9-6-2018,89.2000,89.9000,88.6900,88.9300,461523,0.0
166,9-7-2018,88.8000,89.1900,88.2900,88.7100,341780,0.0
165,9-10-2018,89.0000,90.1800,89.0000,89.8000,495497,0.0
164,9-11-2018,89.7800,90.1600,89.2282,89.7000,488419,0.0
163,9-12-2018,89.6400,90.1700,89.1439,89.7400,421702,0.0
162,9-13-2018,89.9400,89.9400,88.9600,89.3400,471825,0.0
161,9-14-2018,88.9600,89.2300,87.7000,87.8200,758023,0.0
160,9-17-2018,88.0000,89.1100,87.7300,88.8900,744070,0.0
159,9-18-2018,89.1000,90.4899,88.7900,90.3700,599923,0.0
158,9-19-2018,90.5900,91.0700,90.3050,90.5800,472131,0.0
157,9-20-2018,91.1200,91.5800,90.7400,90.9100,691655,0.0
156,9-21-2018,90.4300,90.7800,89.6700,90.0700,1112561,0.0
155,9-24-2018,89.9800,90.3100,88.9900,89.3900,355288,0.0
154,9-25-2018,89.3600,89.5600,88.8000,89.1300,381200,0.0
153,9-26-2018,89.1300,90.0300,88.9000,89.5300,347269,0.0
152,9-27-2018,89.6500,90.4900,89.1300,89.9900,479236,0.0
151,9-28-2018,89.7900,90.7800,89.6850,90.5700,516834,0.0
150,10-1-2018,91.5500,92.8700,90.7100,91.1400,783046,0.0
149,10-2-2018,90.8700,91.5700,90.6800,91.3200,509822,0.0
148,10-3-2018,91.3400,92.0700,90.8000,91.2200,544422,0.0
147,10-4-2018,90.9200,91.1500,89.8300,90.1900,346566,0.0
146,10-5-2018,90.5100,91.0900,89.1500,89.5500,395109,0.0
145,10-8-2018,89.4400,89.4400,88.2700,88.3700,764290,0.0
144,10-9-2018,88.3000,89.2800,86.7800,87.6200,882920,0.0
143,10-10-2018,87.7200,87.7200,84.4800,84.5600,871452,0.0
142,10-11-2018,84.5700,84.7700,82.6200,82.7600,756452,0.0
141,10-12-2018,87.3000,87.3000,82.6000,83.7700,696439,0.0
140,10-15-2018,83.5900,84.4100,83.1600,83.8300,402155,0.0
139,10-16-2018,84.2900,85.3100,83.8500,85.2300,401044,0.0
138,10-17-2018,84.9500,84.9500,83.2900,84.1700,408180,0.0
137,10-18-2018,83.9600,84.4600,82.0300,82.7100,532003,0.0
136,10-19-2018,82.8000,83.3100,81.5500,81.7900,477546,0.0
135,10-22-2018,81.9700,82.0400,81.0400,81.5100,620640,0.0
134,10-23-2018,80.3800,83.2800,80.0400,82.7500,1097392,0.0
133,10-24-2018,82.3300,82.8903,79.6400,79.7400,1210491,0.0
132,10-25-2018,81.7300,86.1600,81.6300,82.9400,1569682,0.0
131,10-26-2018,82.3000,83.4000,81.4900,82.7100,1134594,0.0
130,10-29-2018,83.6300,84.2700,80.3600,81.6700,1018786,0.0
129,10-30-2018,81.7500,84.8300,81.7500,84.6000,796125,0.0
128,10-31-2018,85.4600,86.7100,85.4600,85.7300,712782,0.0
127,11-1-2018,86.1400,88.1200,85.9900,87.4100,1096559,0.0
126,11-2-2018,88.1800,89.0000,87.3700,88.1400,689225,0.0
125,11-5-2018,88.4900,89.2200,87.9100,88.6000,628214,0.0
124,11-6-2018,88.3500,89.4300,87.7800,89.1100,319663,0.0
123,11-7-2018,89.8200,89.9900,88.4400,89.7700,480214,0.0
122,11-8-2018,89.7800,90.6900,89.3100,90.4200,435551,0.0
121,11-9-2018,90.0500,90.5000,88.8693,89.3900,505183,0.0
120,11-12-2018,89.4300,89.6100,88.3810,88.5900,351080,0.0
119,11-13-2018,89.0400,90.6400,88.7400,88.8700,664276,0.0
118,11-14-2018,89.3700,89.7800,86.4300,87.1100,682397,0.0
117,11-15-2018,86.5400,89.5400,86.2900,88.4600,792834,0.0
116,11-16-2018,88.0600,89.6600,87.7200,89.2700,558721,0.0
115,11-19-2018,89.1900,89.9300,88.9775,89.4400,705394,0.0
114,11-20-2018,88.7500,89.6800,88.2900,88.7500,595193,0.0
113,11-21-2018,89.2400,90.4800,88.7400,89.8000,352165,0.0
112,11-23-2018,89.5100,89.9700,88.6000,89.1100,283617,0.0
111,11-26-2018,90.0000,90.1500,89.1800,89.7700,972307,0.0
110,11-27-2018,89.4600,90.6400,89.1900,90.2500,625260,0.0
109,11-28-2018,90.3200,92.8900,90.1400,92.2000,783681,0.0
108,11-29-2018,91.7300,92.8900,90.9500,91.7500,740111,0.0
107,11-30-2018,91.9500,92.8100,90.9900,91.5900,1124536,0.0
106,12-3-2018,92.6900,94.3000,91.2000,93.1000,1080289,0.0
105,12-4-2018,92.6500,92.9900,90.0200,90.2800,635782,0.0
104,12-6-2018,89.1800,89.7400,87.0900,89.7400,754112,0.0
103,12-7-2018,89.8400,90.4300,88.0000,88.6700,547023,0.0
102,12-10-2018,88.7300,89.0400,85.5600,87.2300,694225,0.0
101,12-11-2018,88.5900,88.6600,86.9700,87.3100,683802,0.0
100,12-12-2018,88.5100,89.3900,87.7600,87.8400,448000,0.0
99,12-13-2018,88.2300,88.8800,87.1900,87.4400,571932,0.0
98,12-14-2018,86.2500,87.8800,85.5000,86.3500,638901,0.0
97,12-17-2018,86.2100,86.2100,83.1300,83.6700,653220,0.0
96,12-18-2018,84.4800,85.3700,83.8000,84.3100,795114,0.0
95,12-19-2018,84.4200,85.3800,81.4800,81.9800,1667180,0.0
94,12-20-2018,81.8700,82.4350,79.9301,80.4100,875841,0.0
93,12-21-2018,80.1000,81.4800,78.3100,78.5400,1130234,0.0
92,12-24-2018,78.0000,78.3000,75.3200,75.4100,545803,0.0
91,12-26-2018,75.7200,78.6800,74.8300,78.6100,820039,0.0
90,12-27-2018,77.3100,79.3000,76.5300,79.3000,613670,0.0
89,12-28-2018,79.5100,79.8800,77.9100,78.5500,732665,0.0
88,12-31-2018,78.8400,80.0600,78.7200,79.7100,431618,0.0
87,1-2-2019,78.6500,81.0700,78.3100,81.0500,864250,0.0
86,1-3-2019,80.6400,80.9400,78.5273,79.6800,1050775,0.0
85,1-4-2019,80.8200,81.1150,79.2500,79.5000,1036403,0.0
84,1-7-2019,79.7300,81.0100,79.2900,80.3300,610856,0.0
83,1-8-2019,81.1400,81.8200,80.6200,81.4400,853508,0.0
82,1-9-2019,81.5400,82.8800,80.7500,82.3500,589864,0.0
81,1-10-2019,82.1500,83.0138,81.6600,82.2000,793001,0.0
80,1-11-2019,81.5400,82.2000,81.3700,82.0700,435819,0.0
79,1-14-2019,81.6700,82.6700,81.2000,81.7700,555126,0.0
78,1-15-2019,82.0000,82.4000,80.7900,81.7500,611252,0.0
77,1-16-2019,81.5500,82.2800,80.9900,81.0100,710833,0.0
76,1-17-2019,80.8900,82.3700,80.8900,81.7600,663584,0.0
75,1-18-2019,82.4800,84.0450,82.3500,83.5100,813548,0.0
74,1-22-2019,83.0500,83.0500,81.6400,82.1800,518578,0.0
73,1-23-2019,82.4300,83.1250,81.7500,82.4300,526179,0.0
72,1-24-2019,82.6900,83.2200,82.3700,83.0000,422252,0.0
71,1-25-2019,84.0000,84.8600,83.7000,84.1900,569853,0.0
70,1-28-2019,83.4100,84.5900,83.0300,84.2800,402505,0.0
69,1-29-2019,84.5000,85.4400,83.9200,85.0300,413286,0.0
68,1-30-2019,85.4900,86.2500,84.5400,85.9100,353273,0.0
67,1-31-2019,85.6900,86.4100,85.4050,85.8600,723107,0.0
66,2-1-2019,86.0000,86.8600,85.2200,86.7500,650294,0.0
65,2-4-2019,86.5600,87.3000,86.0000,87.2800,420626,0.0
64,2-5-2019,87.5600,89.3400,87.5600,89.1000,688269,0.0
63,2-6-2019,88.9400,89.8100,88.5200,89.6400,735685,0.0
62,2-7-2019,89.5200,90.7500,88.6400,90.7400,541030,0.0
61,2-8-2019,90.4500,91.3900,89.9300,91.3900,696212,0.0
60,2-11-2019,91.4800,92.0200,91.2000,91.5100,445123,0.0
59,2-12-2019,92.2400,93.1700,92.0800,93.0400,540424,0.0
58,2-13-2019,93.2400,93.8500,92.7000,93.7700,593981,0.0
57,2-14-2019,93.5200,93.5200,91.6700,91.6800,1042416,0.0
56,2-15-2019,92.3500,92.4500,90.8000,91.5600,2165961,0.0
55,2-19-2019,88.1200,90.6700,87.1800,88.0200,2002116,0.0
54,2-20-2019,87.7200,88.1700,85.9600,87.9500,1271196,0.0
53,2-21-2019,87.4700,88.6900,87.4700,88.2300,769990,0.0
52,2-22-2019,88.4700,89.8600,88.2200,89.7000,799774,0.0
51,2-25-2019,89.6900,89.8950,88.2800,88.7000,733964,0.0
50,2-26-2019,88.6800,89.6000,88.5800,88.6400,634045,0.0
49,2-27-2019,88.4000,90.5100,87.9504,90.4300,640342,0.0
48,2-28-2019,90.2900,90.4000,89.5600,89.9600,720713,0.0
47,3-1-2019,90.8900,91.7400,90.4800,91.2000,732381,0.0
46,3-4-2019,91.3200,91.5100,89.8600,90.1900,618057,0.0
45,3-5-2019,90.2000,90.8300,89.9300,89.9400,674702,0.0
44,3-6-2019,90.1600,90.6250,89.4000,89.4400,730964,0.0
43,3-7-2019,89.3100,89.3100,87.3300,87.9700,619951,0.0
42,3-8-2019,87.4100,88.0700,87.2600,87.9800,450023,0.0
41,3-11-2019,88.1400,88.9200,88.1200,88.5800,518441,0.0
40,3-12-2019,88.7400,89.1400,88.4000,88.8100,597509,0.0
39,3-13-2019,89.3400,89.9200,89.1700,89.6400,656387,0.0
38,3-14-2019,89.0300,89.4700,88.7000,88.7700,625777,0.0
37,3-15-2019,88.7600,89.1900,88.2300,88.4100,1411655,0.0
36,3-18-2019,88.4900,89.0200,88.2750,88.9000,745753,0.0
35,3-19-2019,89.2100,89.5600,88.5100,88.7100,743815,0.0
34,3-20-2019,88.7100,88.7424,87.1000,87.7400,974217,0.0
33,3-21-2019,87.5400,89.2850,87.3550,88.9000,480803,0.0
32,3-22-2019,88.6100,88.8300,87.1600,87.2200,704571,0.0
31,3-25-2019,87.2800,87.8200,87.1100,87.4500,359032,0.0
30,3-26-2019,87.9600,88.5200,87.6000,88.4200,457992,-1.0438
29,3-27-2019,88.4200,88.8900,87.2950,88.2000,396999,0.0
28,3-28-2019,88.5200,89.8700,88.2400,89.8200,609815,0.0
27,3-29-2019,90.2400,90.9100,89.9700,90.7100,827368,0.0
26,4-1-2019,91.1600,92.8400,91.1600,92.6400,666912,0.0
25,4-2-2019,92.7700,92.9900,92.1000,92.4200,519276,0.0
24,4-3-2019,93.0000,94.6350,92.7000,93.4900,748058,0.0
23,4-4-2019,93.4900,94.1600,93.3400,94.1200,580973,9.3843
22,4-5-2019,94.5300,95.2700,94.1250,94.9200,746049,0.0
21,4-8-2019,94.8600,94.9200,94.1800,94.4000,442323,0.0
20,4-9-2019,93.9300,94.4000,93.3300,93.4900,724686,0.34
19,4-10-2019,93.4900,93.6600,92.2400,93.3300,786308,0.0
18,4-11-2019,93.5800,93.8400,93.0800,93.7700,461006,0.0
17,4-12-2019,94.2400,95.0000,94.2200,94.5700,438176,0.0
16,4-15-2019,94.5700,94.9900,93.9000,94.0700,462056,0.0
15,4-16-2019,94.3300,94.4100,93.6425,93.9000,1047012,0.0
14,4-17-2019,94.0900,94.1400,93.3400,93.9000,1088385,0.1779
13,4-18-2019,94.0900,94.6600,93.5200,93.7500,1373453,0.0
12,4-22-2019,93.5800,94.2200,93.2300,93.9600,948734,0.0
11,4-23-2019,94.0800,96.5650,94.0800,95.9900,526914,0.0
10,4-24-2019,95.9900,96.0550,95.2400,95.5000,933205,0.0
9,4-25-2019,95.5300,97.4950,93.0900,96.5600,1548361,-2.2598
8,4-26-2019,96.7100,98.3100,95.4400,98.3100,553095,0.6808
7,4-29-2019,98.4100,98.8800,98.0600,98.4100,592202,0.0
6,4-30-2019,98.4900,99.5600,98.3200,99.2300,589439,0.2098000000000001
5,5-1-2019,99.3500,100.4000,99.0200,99.0400,619456,0.3818
4,5-2-2019,99.0500,99.7800,98.3400,98.9200,738706,0.5868
3,5-3-2019,99.6100,102.3900,99.6100,102.1900,675244,2.1008
2,5-6-2019,100.6700,101.8500,100.3400,101.2300,629949,0.3818
1,5-7-2019,99.9600,100.7400,98.2700,99.3600,1030647,-2.6807999999999996
0,5-8-2019,99.0000,100.4100,98.5400,99.6200,953985,0.7070999999999994
