1287,3-27-2014,568.0000,568.0000,552.9200,558.4600,13100,0.0
1286,3-28-2014,561.2000,566.4300,558.6700,559.9900,41100,0.0
1285,3-31-2014,566.8900,567.0000,556.9300,556.9700,10800,0.0
1284,4-1-2014,558.7100,568.4500,558.7100,567.1600,7900,0.0
1283,4-2-2014,565.1060,604.8300,562.1900,567.0000,146700,0.0
1282,4-3-2014,569.8500,587.2800,564.1300,569.7400,5085200,0.0
1281,4-4-2014,574.6500,577.7700,543.0000,543.1400,6351900,0.0
1280,4-7-2014,540.7400,548.4800,527.1500,538.1500,4389600,0.0
1279,4-8-2014,542.6000,555.0000,541.6100,554.9000,3142600,0.0
1278,4-9-2014,559.6200,565.3700,552.9500,564.1400,3321700,0.0
1277,4-10-2014,565.0000,565.0000,539.9000,540.9500,4025800,0.0
1276,4-11-2014,532.5500,540.0000,526.5300,530.6000,3914100,0.0
1275,4-14-2014,538.2500,544.1000,529.5610,532.5200,2568000,0.0
1274,4-15-2014,536.8200,538.4500,518.4601,536.4400,3844500,0.0
1273,4-16-2014,543.0000,557.0000,540.0000,556.5400,4879900,0.0
1272,4-17-2014,548.8100,549.5000,531.1500,536.1000,6790900,0.0
1271,4-21-2014,536.1000,536.7000,525.6000,528.6200,2559700,0.0
1270,4-22-2014,528.6400,537.2300,527.5100,534.8100,2358900,0.0
1269,4-23-2014,533.7900,533.8700,526.2500,526.9400,2046700,0.0
1268,4-24-2014,530.0700,531.6500,522.1200,525.1600,1878000,0.0
1267,4-25-2014,522.5100,524.7000,515.4200,516.1800,2094600,0.0
1266,4-28-2014,517.1800,518.6000,502.8000,517.1500,3326400,0.0
1265,4-29-2014,516.9000,529.4600,516.3200,527.7000,2691700,0.0
1264,4-30-2014,527.6000,528.0000,522.5200,526.6600,1746400,0.0
1263,5-1-2014,527.1100,532.9300,523.8800,531.3500,1900300,0.0
1262,5-2-2014,533.7600,533.9999,525.6100,527.9300,1683900,0.0
1261,5-5-2014,524.8200,528.9000,521.3200,527.8100,1021300,0.0
1260,5-6-2014,525.2300,526.8100,515.0600,515.1400,1684400,0.0
1259,5-7-2014,515.7900,516.6800,503.3000,509.9600,3215500,0.0
1258,5-8-2014,508.4600,517.2300,506.4500,511.0000,2015800,0.0
1257,5-9-2014,510.7500,519.9000,504.2000,518.7300,2432800,0.0
1256,5-12-2014,523.5100,530.1900,519.0100,529.9200,1907300,0.0
1255,5-13-2014,530.8900,536.0700,529.5100,533.0900,1648900,0.0
1254,5-14-2014,533.0000,533.0000,525.2900,526.6500,1188500,0.0
1253,5-15-2014,525.7000,525.8700,517.4200,519.9800,1699700,0.0
1252,5-16-2014,521.3900,521.8000,515.4400,520.6300,1481200,0.0
1251,5-19-2014,519.7000,529.7800,517.5830,528.8600,1274300,0.0
1250,5-20-2014,529.7400,536.2300,526.3000,529.7700,1779900,0.0
1249,5-21-2014,532.9000,539.1828,531.9100,538.9400,1193000,0.0
1248,5-22-2014,541.1300,547.5999,540.7800,545.0600,1611400,0.0
1247,5-23-2014,547.2600,553.6400,543.7000,552.7000,1926900,0.0
1246,5-27-2014,556.0000,566.0000,554.3500,565.9500,2098400,0.0
1245,5-28-2014,564.5700,567.8400,561.0000,561.6800,1647500,0.0
1244,5-29-2014,563.3500,564.0000,558.7100,560.0800,1350400,0.0
1243,5-30-2014,560.8000,561.3500,555.9100,559.8900,1766300,0.0
1242,6-2-2014,560.7000,560.9000,545.7300,553.9300,1431100,0.0
1241,6-3-2014,550.9900,552.3400,542.5500,544.9400,1861500,0.0
1240,6-4-2014,541.5000,548.6100,538.7500,544.6600,1811500,0.0
1239,6-5-2014,546.4000,554.9500,544.4500,553.9000,1684500,0.0
1238,6-6-2014,558.0600,558.0600,548.9300,556.3300,1732000,0.0
1237,6-9-2014,557.1500,562.9000,556.0400,562.1200,1463500,0.0
1236,6-10-2014,560.5100,563.6000,557.9000,560.5500,1348000,0.0
1235,6-11-2014,558.0000,559.8800,555.0201,558.8400,1097100,0.0
1234,6-12-2014,557.3000,557.9900,548.4600,551.3500,1454500,0.0
1233,6-13-2014,552.2600,552.3000,545.5600,551.7600,1217200,0.0
1232,6-16-2014,549.2600,549.6200,541.5200,544.2800,1697900,0.0
1231,6-17-2014,544.2000,545.3200,539.3300,543.0100,1440600,0.0
1230,6-18-2014,544.8600,553.5600,544.0000,553.3700,1737000,0.0
1229,6-19-2014,554.2400,555.0000,548.5100,554.9000,2450100,0.0
1228,6-20-2014,556.8500,557.5800,550.3915,556.3600,4496000,0.0
1227,6-23-2014,555.1500,565.0000,554.2500,564.9500,1532600,0.0
1226,6-24-2014,565.1900,572.6460,561.0100,564.6200,2201100,0.0
1225,6-25-2014,565.2600,579.9600,565.2200,578.6500,1964000,0.0
1224,6-26-2014,581.0000,582.4500,571.8500,576.0000,1737200,0.0
1223,6-27-2014,577.1800,579.8700,573.8000,577.2400,2230800,0.0
1222,6-30-2014,578.6600,579.5700,574.7500,575.2800,1310200,0.0
1221,7-1-2014,578.3200,584.4000,576.6500,582.6700,1444000,0.0
1220,7-2-2014,583.3500,585.4399,580.3900,582.3350,1053500,0.0
1219,7-3-2014,583.3500,585.0100,580.9200,584.7300,712200,0.0
1218,7-7-2014,583.7600,586.4299,579.5900,582.2500,1061700,0.0
1217,7-8-2014,577.6600,579.5284,566.1350,571.0900,1904300,0.0
1216,7-9-2014,571.5800,576.7200,569.3760,576.0800,1113700,0.0
1215,7-10-2014,565.9100,576.5900,565.0100,571.1000,1353000,0.0
1214,7-11-2014,571.9100,580.8500,571.4200,579.1800,1617300,0.0
1213,7-14-2014,582.6000,585.2100,578.0300,584.8700,1849000,0.0
1212,7-15-2014,585.7400,585.8045,576.5600,584.7800,1618600,0.0
1211,7-16-2014,588.0000,588.4000,582.2000,582.6600,1393300,0.0
1210,7-17-2014,579.5300,580.9900,568.6100,573.7299,3008300,0.0
1209,7-18-2014,593.0000,596.8000,582.0000,595.0800,4003200,0.0
1208,7-21-2014,591.7500,594.4000,585.2326,589.4700,2056500,0.0
1207,7-22-2014,590.7200,599.6500,590.6000,594.7400,1694500,0.0
1206,7-23-2014,593.2300,597.8500,592.5000,595.9800,1229800,0.0
1205,7-24-2014,596.4500,599.5000,591.7700,593.3500,1032300,0.0
1204,7-25-2014,590.4000,591.8600,587.0300,589.0200,929900,0.0
1203,7-28-2014,588.0700,592.5000,584.7533,590.6000,984100,0.0
1202,7-29-2014,588.7500,589.7000,583.5150,585.6100,1346200,0.0
1201,7-30-2014,586.5500,589.5000,584.0000,587.4200,1013700,0.0
1200,7-31-2014,580.6000,583.6499,570.0000,571.6000,2097000,0.0
1199,8-1-2014,570.4000,575.9599,562.8500,566.0700,1949900,0.0
1198,8-4-2014,569.0400,575.3500,564.1000,573.1500,1423400,0.0
1197,8-5-2014,570.0500,571.9800,562.6100,565.0700,1547000,0.0
1196,8-6-2014,561.7800,570.7000,560.0000,566.3740,1330700,0.0
1195,8-7-2014,568.0000,569.8900,561.1000,563.3600,1107900,0.0
1194,8-8-2014,563.5600,570.2500,560.3500,568.7700,1490700,0.0
1193,8-11-2014,569.9900,570.4900,566.0000,567.8800,1211400,0.0
1192,8-12-2014,564.5200,565.9000,560.8800,562.7300,1537800,0.0
1191,8-13-2014,567.3100,575.0000,565.7500,574.7800,1437900,0.0
1190,8-14-2014,576.1800,577.9000,570.8800,574.6500,982800,0.0
1189,8-15-2014,577.8600,579.3800,570.5200,573.4800,1515000,0.0
1188,8-18-2014,576.1100,584.5100,576.0000,582.1600,1280600,0.0
1187,8-19-2014,585.0000,587.3400,584.0000,586.8600,976000,0.0
1186,8-20-2014,585.8800,586.7000,582.5700,584.4900,1033900,0.0
1185,8-21-2014,583.8200,584.5000,581.1400,583.3700,912300,0.0
1184,8-22-2014,583.5900,585.2360,580.6400,582.5600,786900,0.0
1183,8-25-2014,584.7200,585.0000,579.0000,580.2000,1357700,0.0
1182,8-26-2014,581.2600,581.8000,576.5800,577.8600,1635200,0.0
1181,8-27-2014,577.2700,578.4900,570.1030,571.0000,1698700,0.0
1180,8-28-2014,569.5600,573.2500,567.1000,569.2000,1289400,0.0
1179,8-29-2014,571.3300,572.0400,567.0692,571.6000,1080800,0.0
1178,9-2-2014,571.8500,577.8300,571.1900,577.3300,1574100,0.0
1177,9-3-2014,580.0000,582.9900,575.0000,577.9400,1211800,0.0
1176,9-4-2014,580.0000,586.0000,579.2200,581.9800,1454200,0.0
1175,9-5-2014,583.9800,586.5500,581.9500,586.0800,1627900,0.0
1174,9-8-2014,586.6000,591.7700,586.3000,589.7200,1427100,0.0
1173,9-9-2014,588.9000,589.0000,580.0000,581.0100,1283700,0.0
1172,9-10-2014,581.5000,583.5000,576.9400,583.1000,974700,0.0
1171,9-11-2014,580.3600,581.8100,576.2600,581.3500,1217700,0.0
1170,9-12-2014,581.0000,581.6400,574.4600,575.6200,1597300,0.0
1169,9-15-2014,572.9400,574.9500,568.2100,573.1000,1593200,0.0
1168,9-16-2014,572.7600,581.5000,572.6600,579.9500,1476300,0.0
1167,9-17-2014,580.0100,587.5199,578.7750,584.7700,1688200,0.0
1166,9-18-2014,587.0000,589.5400,585.0000,589.2700,1440600,0.0
1165,9-19-2014,591.5000,596.4800,589.5000,596.0800,3726400,0.0
1164,9-22-2014,593.8200,593.9490,583.4600,587.3700,1684900,0.0
1163,9-23-2014,586.8500,586.8500,581.0000,581.1300,1467400,0.0
1162,9-24-2014,581.4600,589.6300,580.5200,587.9900,1721085,0.0
1161,9-25-2014,587.5500,587.9800,574.1800,575.0600,1915643,0.0
1160,9-26-2014,576.0600,579.2500,574.6600,577.1000,1439807,0.0
1159,9-29-2014,571.7500,578.1900,571.1700,576.3600,1281204,0.0
1158,9-30-2014,576.9300,579.8500,572.8500,577.3600,1618437,0.0
1157,10-1-2014,576.0100,577.5799,567.0100,568.2700,1445027,0.0
1156,10-2-2014,567.3100,571.9100,563.3200,570.0800,1175307,0.0
1155,10-3-2014,573.0500,577.2250,572.5000,575.2800,1138636,0.0
1154,10-6-2014,578.8000,581.0000,574.4400,577.3500,1211320,0.0
1153,10-7-2014,574.4000,575.2700,563.7400,563.7400,1906427,0.0
1152,10-8-2014,565.5700,573.8800,557.4900,572.5000,1987888,0.0
1151,10-9-2014,571.1800,571.4900,559.0600,560.8800,2519693,0.0
1150,10-10-2014,557.7200,565.1299,544.0500,544.4900,3078634,0.0
1149,10-13-2014,544.9900,549.5000,533.1000,533.2100,2578676,0.0
1148,10-14-2014,538.9000,547.1900,533.1695,537.9400,2217230,0.0
1147,10-15-2014,531.0100,532.8000,518.3000,530.0300,3712536,0.0
1146,10-16-2014,519.0000,529.4300,515.0000,524.5100,3698423,0.0
1145,10-17-2014,527.2500,530.9800,508.5300,511.1700,5530674,0.0
1144,10-20-2014,509.4500,521.7600,508.1000,520.8400,2605505,0.0
1143,10-21-2014,525.1900,526.7900,519.1100,526.5400,2332531,0.0
1142,10-22-2014,529.8900,539.8000,528.8000,532.7100,2917183,0.0
1141,10-23-2014,539.3200,547.2200,535.8500,543.9800,2345296,0.0
1140,10-24-2014,544.3600,544.8800,535.7900,539.7800,1972047,0.0
1139,10-27-2014,537.0300,544.4100,537.0300,540.7700,1184973,0.0
1138,10-28-2014,543.0000,548.9800,541.6200,548.9000,1273372,0.0
1137,10-29-2014,550.0000,554.1900,546.9800,549.3300,1767107,0.0
1136,10-30-2014,548.9500,552.8000,543.5100,550.3100,1451667,0.0
1135,10-31-2014,559.3500,559.5700,554.7500,559.0800,2032887,0.0
1134,11-3-2014,555.5000,557.9000,553.2300,555.2200,1378511,0.0
1133,11-4-2014,553.0000,555.5000,549.3000,554.1100,1240761,0.0
1132,11-5-2014,556.8000,556.8000,544.0500,545.9200,2026740,0.0
1131,11-6-2014,545.5000,546.8850,540.9700,542.0400,1329604,0.0
1130,11-7-2014,546.2100,546.2100,538.6700,541.0100,1629259,0.0
1129,11-10-2014,541.4600,549.5900,541.0200,547.4900,1131546,0.0
1128,11-11-2014,548.4900,551.9399,546.3000,550.2900,964866,0.0
1127,11-12-2014,550.3900,550.4600,545.1700,547.3100,1126594,0.0
1126,11-13-2014,549.8000,549.8000,543.4800,545.3800,1335719,0.0
1125,11-14-2014,546.6800,546.6800,542.1500,544.4000,1285991,0.0
1124,11-17-2014,543.5800,543.7900,534.0610,536.5100,1721282,0.0
1123,11-18-2014,537.5000,541.9400,534.1700,535.0300,1957664,0.0
1122,11-19-2014,535.0000,538.2400,530.0800,536.9900,1388440,0.0
1121,11-20-2014,531.2500,535.1100,531.0800,534.8300,1559131,0.0
1120,11-21-2014,541.6100,542.1400,536.5600,537.5000,2218249,0.0
1119,11-24-2014,537.6500,542.7000,535.6200,539.2700,1701682,0.0
1118,11-25-2014,539.0000,543.9800,538.6020,541.0800,1784967,0.0
1117,11-26-2014,540.8800,541.5500,537.0420,540.3700,1519503,0.0
1116,11-28-2014,540.6200,542.0000,536.6000,541.8300,1145231,0.0
1115,12-1-2014,538.9000,541.4100,531.8600,533.8000,2109599,0.0
1114,12-2-2014,533.5100,535.5000,529.8000,533.7500,1522481,0.0
1113,12-3-2014,531.4400,535.9960,529.2600,531.3200,1279288,0.0
1112,12-4-2014,531.1600,537.3400,528.5900,537.3100,1392208,0.0
1111,12-5-2014,531.0000,532.8900,524.2800,525.2600,2558649,0.0
1110,12-8-2014,527.1300,531.0000,523.7900,526.9800,2327127,0.0
1109,12-9-2014,522.1400,534.1900,520.5000,533.3700,1871268,0.0
1108,12-10-2014,533.0800,536.3300,525.5600,526.0600,1716835,0.0
1107,12-11-2014,527.8000,533.9200,527.1000,528.3400,1610964,0.0
1106,12-12-2014,523.5100,528.5000,518.6600,518.6600,1989117,0.0
1105,12-15-2014,522.7400,523.1000,513.2700,513.8000,2812786,0.0
1104,12-16-2014,511.5600,513.0500,489.0000,495.3900,3953371,0.0
1103,12-17-2014,497.0000,507.0000,496.8100,504.8900,2875281,0.0
1102,12-18-2014,512.9500,513.8700,504.7000,511.1000,2918730,0.0
1101,12-19-2014,511.5100,517.7200,506.9106,516.3500,3680148,0.0
1100,12-22-2014,516.0800,526.4600,516.0800,524.8700,2723599,0.0
1099,12-23-2014,527.0000,534.5600,526.2900,530.5900,2191567,0.0
1098,12-24-2014,530.5100,531.7590,527.0200,528.7700,704035,0.0
1097,12-26-2014,528.7700,534.2500,527.3100,534.0300,1037727,0.0
1096,12-29-2014,532.1900,535.4800,530.0110,530.3300,2276104,0.0
1095,12-30-2014,528.0900,531.1500,527.1300,530.4200,873923,0.0
1094,12-31-2014,531.2500,532.6000,525.8000,526.4000,1371819,0.0
1093,1-2-2015,529.0100,531.2700,524.1000,524.8100,1446662,0.0
1092,1-5-2015,523.2600,524.3300,513.0600,513.8700,2054238,0.0
1091,1-6-2015,515.0000,516.1750,501.0500,501.9600,2891950,0.0
1090,1-7-2015,507.0000,507.2440,499.6500,501.1000,2059366,0.0
1089,1-8-2015,497.9900,503.4800,491.0000,502.6800,3344395,0.0
1088,1-9-2015,504.7600,504.9200,494.7900,496.1700,2054956,0.0
1087,1-12-2015,494.9400,495.9760,487.5600,492.5500,2320446,0.0
1086,1-13-2015,498.8400,502.9800,492.3900,496.1800,2365687,0.0
1085,1-14-2015,494.6500,503.2300,493.0000,500.8700,2229638,0.0
1084,1-15-2015,505.5700,505.6800,497.7600,501.7900,2711355,0.0
1083,1-16-2015,500.0100,508.1900,500.0000,508.0800,2292043,0.0
1082,1-20-2015,511.0000,512.5000,506.0160,506.9000,2225922,0.0
1081,1-21-2015,507.2500,519.2800,506.2000,518.0400,2262455,0.0
1080,1-22-2015,521.4800,536.3300,519.7000,534.3900,2669558,0.0
1079,1-23-2015,535.5900,542.1700,533.0000,539.9500,2275485,0.0
1078,1-26-2015,538.5300,539.0000,529.6700,535.2100,1539524,0.0
1077,1-27-2015,529.9700,530.7000,518.1900,518.6300,1898844,0.0
1076,1-28-2015,522.7800,522.9900,510.0000,510.0000,1679230,0.0
1075,1-29-2015,511.0000,511.0900,501.2000,510.6600,4174924,0.0
1074,1-30-2015,515.8600,539.8700,515.5200,534.5200,5590977,0.0
1073,2-2-2015,531.7300,533.0000,518.5500,528.4800,2841976,0.0
1072,2-3-2015,528.0000,533.4000,523.2600,529.2400,2033085,0.0
1071,2-4-2015,529.2400,532.6715,521.2700,522.7600,1659125,0.0
1070,2-5-2015,523.7900,528.5000,522.0900,527.5800,1844687,0.0
1069,2-6-2015,527.6400,537.2000,526.4100,531.0000,1758650,0.0
1068,2-9-2015,528.0000,532.0000,526.0200,527.8300,1264276,0.0
1067,2-10-2015,529.3000,537.7000,526.9200,536.9400,1745076,0.0
1066,2-11-2015,535.3000,538.4500,533.3775,535.9700,1373970,0.0
1065,2-12-2015,537.2500,544.8200,534.6730,542.9300,1615824,0.0
1064,2-13-2015,543.3500,549.9100,543.1300,549.0100,1895126,0.0
1063,2-17-2015,546.8300,550.0000,541.0900,542.8400,1612439,0.0
1062,2-18-2015,541.4000,545.4900,537.5100,539.7000,1449089,0.0
1061,2-19-2015,538.0400,543.1100,538.0100,542.8700,987478,0.0
1060,2-20-2015,543.1300,543.7500,535.8000,538.9500,1441212,0.0
1059,2-23-2015,536.0500,536.4390,529.4100,531.9100,1453907,0.0
1058,2-24-2015,530.0000,536.7900,528.2500,536.0900,1002393,0.0
1057,2-25-2015,535.9000,546.2200,535.4450,543.8700,1821041,0.0
1056,2-26-2015,543.2100,556.1400,541.5000,555.4800,2305219,0.0
1055,2-27-2015,554.2400,564.7100,552.9000,558.4000,2403553,0.0
1054,3-2-2015,560.5300,572.1500,558.7500,571.3400,2123796,0.0
1053,3-3-2015,570.4500,575.3900,566.5200,573.6400,1700084,0.0
1052,3-4-2015,571.8700,577.1100,568.0100,573.3700,1871694,0.0
1051,3-5-2015,575.0200,577.9100,573.4100,575.3300,1385818,0.0
1050,3-6-2015,574.8800,576.6799,566.7600,567.6850,1654561,0.0
1049,3-9-2015,566.8600,570.2700,563.5350,568.8500,1059336,0.0
1048,3-10-2015,564.2500,564.8500,554.7300,555.0100,1787357,0.0
1047,3-11-2015,555.1400,558.1400,550.6800,551.1800,1815763,0.0
1046,3-12-2015,553.5100,556.3700,550.4600,555.5100,1385772,0.0
1045,3-13-2015,553.5000,558.4000,544.2200,547.3200,1698872,0.0
1044,3-16-2015,550.9500,556.8500,546.0000,554.5100,1636493,0.0
1043,3-17-2015,551.7100,553.8000,548.0000,550.8400,1800570,0.0
1042,3-18-2015,552.5000,559.7800,547.0001,559.5000,2128714,0.0
1041,3-19-2015,559.3900,560.8000,556.1450,557.9900,1194049,0.0
1040,3-20-2015,561.6500,561.7200,559.0500,560.3600,2609690,0.0
1039,3-23-2015,560.4300,562.3600,555.8300,558.8100,1639306,0.0
1038,3-24-2015,562.5600,574.5900,561.2100,570.1900,2576234,0.0
1037,3-25-2015,570.5000,572.2600,558.7400,558.7850,2146384,0.0
1036,3-26-2015,557.5900,558.9000,550.6500,555.1700,1568331,0.0
1035,3-27-2015,553.0000,555.2800,548.1300,548.3400,1892323,0.0
1034,3-30-2015,551.6200,553.4700,548.1700,552.0300,1283958,0.0
1033,3-31-2015,550.0000,554.7100,546.7200,548.0000,1583677,0.0
1032,4-1-2015,548.6000,551.1400,539.5000,542.5600,1957718,0.0
1031,4-2-2015,540.8500,540.8500,533.8467,535.5300,1711737,0.0
1030,4-6-2015,532.2200,538.4100,529.5700,536.7650,1320767,0.0
1029,4-7-2015,538.0800,542.6900,536.0000,537.0200,1299298,0.0
1028,4-8-2015,538.3800,543.8500,538.3800,541.6100,1175332,0.0
1027,4-9-2015,541.0300,541.9500,535.4900,540.7800,1553586,0.0
1026,4-10-2015,542.2900,542.2900,537.3100,540.0100,1405574,0.0
1025,4-13-2015,538.4100,544.0600,537.3100,539.1700,1640809,0.0
1024,4-14-2015,536.2500,537.5699,528.0925,530.3900,2597043,0.0
1023,4-15-2015,528.7000,534.7300,523.2200,532.5300,2312512,0.0
1022,4-16-2015,529.9000,535.5900,529.6100,533.8000,1296304,0.0
1021,4-17-2015,528.6600,529.8400,521.0100,524.0500,2145955,0.0
1020,4-20-2015,525.6000,536.0900,524.5000,535.3800,1675487,0.0
1019,4-21-2015,537.5100,539.3900,533.6750,533.9700,1839668,0.0
1018,4-22-2015,534.4000,541.0800,531.7500,539.3650,1589248,0.0
1017,4-23-2015,541.0000,550.9600,540.2300,547.0000,4173376,0.0
1016,4-24-2015,566.1000,571.1400,557.2500,565.0600,4919031,0.0
1015,4-27-2015,563.3900,565.9500,553.2001,555.3700,2398039,0.0
1014,4-28-2015,554.6400,556.0200,550.3660,553.6800,1490983,0.0
1013,4-29-2015,550.4700,553.6800,546.9050,549.0800,1698761,0.0
1012,4-30-2015,547.8700,548.5900,535.0500,537.3400,2082214,0.0
1011,5-1-2015,538.4300,539.5400,532.1000,537.9000,1768181,0.0
1010,5-4-2015,538.5300,544.0700,535.0600,540.7800,1307960,0.0
1009,5-5-2015,538.2100,539.7400,530.3906,530.8000,1383068,0.0
1008,5-6-2015,531.2400,532.3800,521.0850,524.2200,1566987,0.0
1007,5-7-2015,523.9900,533.4600,521.7500,530.7000,1546278,0.0
1006,5-8-2015,536.6500,541.1500,536.0000,538.2200,1527615,0.0
1005,5-11-2015,538.3700,541.9800,535.4000,535.7000,905285,0.0
1004,5-12-2015,531.6000,533.2089,525.2600,529.0400,1634174,0.0
1003,5-13-2015,530.5600,534.3215,528.6550,529.6200,1253063,0.0
1002,5-14-2015,533.7700,539.0000,532.4100,538.4000,1403935,0.0
1001,5-15-2015,539.1800,539.2743,530.3800,533.8500,1971343,0.0
1000,5-18-2015,532.0100,534.8200,528.8500,532.3000,2003421,0.0
999,5-19-2015,533.9800,540.6600,533.0400,537.3600,1966947,0.0
998,5-20-2015,538.4900,542.9200,532.9720,539.2700,1430826,0.0
997,5-21-2015,537.9500,543.8399,535.9800,542.5100,1462695,0.0
996,5-22-2015,540.1500,544.1900,539.5100,540.1100,1176214,0.0
995,5-26-2015,538.1200,539.0000,529.8800,532.3200,2406512,0.0
994,5-27-2015,532.8000,540.5500,531.7100,539.7900,1525019,0.0
993,5-28-2015,538.0100,540.6100,536.2500,539.7800,1029849,0.0
992,5-29-2015,537.3700,538.6300,531.4500,532.1100,2597407,0.0
991,6-1-2015,536.7900,536.7900,529.7600,533.9900,1904332,0.0
990,6-2-2015,532.9300,543.0000,531.3300,539.1800,1938989,0.0
989,6-3-2015,539.9100,543.5000,537.1100,540.3100,1717036,0.0
988,6-4-2015,537.7600,540.5900,534.3200,536.7000,1348337,0.0
987,6-5-2015,536.3500,537.2000,532.5200,533.3300,1388220,0.0
986,6-8-2015,533.3100,534.1200,526.2400,526.8300,1524139,0.0
985,6-9-2015,527.5600,529.2000,523.0100,526.6900,1455266,0.0
984,6-10-2015,529.3600,538.3600,529.3500,536.6900,1814958,0.0
983,6-11-2015,538.4250,538.9800,533.0200,534.6100,1217536,0.0
982,6-12-2015,531.6000,533.1200,530.1600,532.3300,955789,0.0
981,6-15-2015,528.0000,528.3000,524.0000,527.2000,1632702,0.0
980,6-16-2015,528.4000,529.6399,525.5600,528.1500,1071814,0.0
979,6-17-2015,529.3700,530.9800,525.1000,529.2600,1294216,0.0
978,6-18-2015,531.0000,538.1500,530.7900,536.7300,1833109,0.0
977,6-19-2015,537.2100,538.2500,533.0100,536.6900,1893497,0.0
976,6-22-2015,539.5900,543.7400,537.5300,538.1900,1250282,0.0
975,6-23-2015,539.6400,541.4990,535.2500,540.4800,1197450,0.0
974,6-24-2015,540.0000,540.0000,535.6600,537.8400,1286608,0.0
973,6-25-2015,538.8700,540.9000,535.2300,535.2300,1335697,0.0
972,6-26-2015,537.2600,537.7600,531.3500,531.6900,2109130,0.0
971,6-29-2015,525.0100,528.6100,520.5400,521.5200,1937821,0.0
970,6-30-2015,526.0200,526.2500,520.5000,520.5100,2235595,0.0
969,7-1-2015,524.7300,525.6900,518.2305,521.8400,1961354,0.0
968,7-2-2015,521.0800,524.6500,521.0800,523.4000,1235903,0.0
967,7-6-2015,519.5000,525.2500,519.0000,522.8600,1280525,0.0
966,7-7-2015,523.1300,526.1800,515.1800,525.0200,1597229,0.0
965,7-8-2015,521.0500,522.7340,516.1100,516.8300,1296699,0.0
964,7-9-2015,523.1200,523.7700,520.3500,520.6800,1842347,0.0
963,7-10-2015,526.2900,532.5600,525.5500,530.1300,1956682,0.0
962,7-13-2015,532.8800,547.1100,532.4001,546.5500,2206475,0.0
961,7-14-2015,546.7600,565.8487,546.7100,561.1000,3244066,0.0
960,7-15-2015,560.1300,566.5029,556.7900,560.2200,1784554,0.0
959,7-16-2015,565.1200,580.6800,565.0000,579.8500,4768318,0.0
958,7-17-2015,649.0000,674.4680,645.0000,672.9300,11164943,0.0
957,7-20-2015,659.2400,668.8800,653.0100,663.0200,5860872,0.0
956,7-21-2015,655.2100,673.0000,654.3000,662.3000,3377196,0.0
955,7-22-2015,660.8900,678.6400,659.0000,662.1000,3929309,0.0
954,7-23-2015,661.2700,663.6300,641.0000,644.2800,3029109,0.0
953,7-24-2015,647.0000,648.1700,622.5200,623.5600,3625747,0.0
952,7-27-2015,621.0000,634.3000,620.5000,627.2600,2675381,0.0
951,7-28-2015,632.8300,632.8300,623.3100,628.0000,1727327,0.0
950,7-29-2015,628.8000,633.3600,622.6500,631.9300,1575069,0.0
949,7-30-2015,630.0000,635.2200,622.0500,632.5900,1474203,0.0
948,7-31-2015,631.3800,632.9100,625.5000,625.6100,1706149,0.0
947,8-3-2015,625.3400,633.0556,625.3400,631.2100,1304511,0.0
946,8-4-2015,628.4200,634.8100,627.1600,629.2500,1490881,0.0
945,8-5-2015,634.3300,647.8600,633.1600,643.7800,2008659,0.0
944,8-6-2015,645.0000,645.3790,632.2500,642.6800,1572600,0.0
943,8-7-2015,640.2300,642.6800,629.7100,635.3000,1403865,0.0
942,8-10-2015,639.4800,643.4400,631.2490,633.7300,1809205,0.0
941,8-11-2015,669.2000,674.9000,654.2700,660.7800,5029203,0.0
940,8-12-2015,663.0800,665.0000,652.2900,659.5600,2940803,0.0
939,8-13-2015,659.3225,664.5000,651.6610,656.4500,1810749,0.0
938,8-14-2015,655.0100,659.8550,652.6600,657.1200,1072061,0.0
937,8-17-2015,656.8000,661.3800,651.2400,660.8700,1051699,0.0
936,8-18-2015,661.9000,664.0000,653.4600,656.1300,1456059,0.0
935,8-19-2015,656.6000,667.0000,654.1900,660.9000,2134098,0.0
934,8-20-2015,655.4600,662.9900,642.9000,646.8300,2855299,0.0
933,8-21-2015,639.7800,640.0500,612.3300,612.4800,4265183,0.0
932,8-24-2015,573.0000,614.0000,565.0500,589.6100,5770302,0.0
931,8-25-2015,614.9100,617.4500,581.1100,582.0600,3537966,0.0
930,8-26-2015,610.3500,631.7100,599.0500,628.6200,4235891,0.0
929,8-27-2015,639.4000,643.5900,622.0000,637.6100,3491336,0.0
928,8-28-2015,632.8200,636.8800,624.5600,630.3800,1978733,0.0
927,8-31-2015,627.5400,635.8000,617.6800,618.2500,2176737,0.0
926,9-1-2015,602.3600,612.8600,594.1000,597.7900,3702105,0.0
925,9-2-2015,605.6800,614.3400,599.7100,614.3400,2575620,0.0
924,9-3-2015,617.0000,619.7100,602.8213,606.2500,1759572,0.0
923,9-4-2015,600.0000,603.4700,595.2500,600.7000,2089453,0.0
922,9-8-2015,612.4900,616.3100,604.1200,614.6600,2279538,0.0
921,9-9-2015,621.2200,626.5200,609.6000,612.7200,1702094,0.0
920,9-10-2015,613.1000,624.1600,611.4300,621.3500,1905276,0.0
919,9-11-2015,619.7500,625.7800,617.4200,625.7700,1373545,0.0
918,9-14-2015,625.7000,625.8600,619.4300,623.2400,1702271,0.0
917,9-15-2015,626.7000,638.7000,623.7800,635.1400,2084397,0.0
916,9-16-2015,635.4700,637.9500,632.3200,635.9800,1286454,0.0
915,9-17-2015,637.7900,650.9000,635.0200,642.9000,2274690,0.0
914,9-18-2015,636.7900,640.0000,627.0200,629.2500,5133386,0.0
913,9-21-2015,634.4000,636.4900,625.9400,635.4400,1788506,0.0
912,9-22-2015,627.0000,627.5500,615.4300,622.6900,2562869,0.0
911,9-23-2015,622.0500,628.9300,620.0000,622.3600,1470949,0.0
910,9-24-2015,616.6400,627.3200,612.4000,625.8000,2240098,0.0
909,9-25-2015,629.7700,629.7700,611.0000,611.9700,2174009,0.0
908,9-28-2015,610.3400,614.6050,589.3800,594.8900,3110651,0.0
907,9-29-2015,597.2800,605.0000,590.2200,594.9700,2310284,0.0
906,9-30-2015,603.2800,608.7600,600.7300,608.4200,2332087,0.0
905,10-1-2015,608.3700,612.0900,599.8500,611.2900,1867601,0.0
904,10-2-2015,607.2000,627.3400,603.1300,626.9100,2684805,0.0
903,10-5-2015,632.0000,643.0100,627.0000,641.4700,1803643,0.0
902,10-6-2015,638.8400,649.2500,636.5295,645.4400,2236847,0.0
901,10-7-2015,649.2400,650.6090,632.1500,642.3600,2092714,0.0
900,10-8-2015,641.3600,644.4500,625.5600,639.1600,2182081,0.0
899,10-9-2015,640.0000,645.9900,635.3180,643.6100,1648736,0.0
898,10-12-2015,642.0900,648.5000,639.0100,646.6700,1276134,0.0
897,10-13-2015,643.1500,657.8125,643.1500,652.3000,1807685,0.0
896,10-14-2015,653.2100,659.3900,648.8500,651.1600,1415468,0.0
895,10-15-2015,654.6600,663.1300,654.4600,661.7400,1885737,0.0
894,10-16-2015,664.1100,664.9700,657.2000,662.2000,1611128,0.0
893,10-19-2015,661.1800,666.8200,659.5800,666.1000,1477340,0.0
892,10-20-2015,664.0400,664.7197,644.1950,650.2800,2498215,0.0
891,10-21-2015,654.1500,655.8700,641.7300,642.6100,1794172,0.0
890,10-22-2015,646.7000,657.8000,644.0100,651.7900,4070954,0.0
889,10-23-2015,727.5000,730.0000,701.5000,702.0000,6653923,0.0
888,10-26-2015,701.5500,719.1500,701.2600,712.7800,2716615,0.0
887,10-27-2015,707.3800,713.6200,704.5500,708.4900,2245796,0.0
886,10-28-2015,707.3300,712.9800,703.0800,712.9500,2178917,0.0
885,10-29-2015,710.5000,718.2600,710.0100,716.9200,1455965,0.0
884,10-30-2015,715.7300,718.0000,710.0500,710.8100,1908774,0.0
883,11-2-2015,711.0600,721.6200,705.8500,721.1100,1886250,0.0
882,11-3-2015,718.8600,724.6500,714.7200,722.1600,1565379,0.0
881,11-4-2015,722.0000,733.1000,721.9000,728.1100,1706700,0.0
880,11-5-2015,729.4700,739.4800,729.4700,731.2500,1861550,0.0
879,11-6-2015,731.5000,735.4100,727.0100,733.7600,1511599,0.0
878,11-9-2015,730.2000,734.7100,719.4300,724.8900,2069807,0.0
877,11-10-2015,724.4000,730.5900,718.5001,728.3200,1607994,0.0
876,11-11-2015,732.4600,741.0000,730.2300,735.4000,1366995,0.0
875,11-12-2015,731.0000,737.8000,728.6450,731.2300,1837154,0.0
874,11-13-2015,729.1700,731.1500,716.7300,717.0000,2075504,0.0
873,11-16-2015,715.6000,729.4900,711.3300,728.9600,1905893,0.0
872,11-17-2015,729.2900,731.8450,723.0270,725.3000,1506733,0.0
871,11-18-2015,727.5800,741.4100,727.0000,740.0000,1684259,0.0
870,11-19-2015,738.7400,742.0000,737.4300,738.4100,1327879,0.0
869,11-20-2015,746.5300,757.9200,743.0000,756.6000,2213284,0.0
868,11-23-2015,757.4500,762.7075,751.8200,755.9800,1415385,0.0
867,11-24-2015,752.0000,755.2790,737.6300,748.2800,2334197,0.0
866,11-25-2015,748.1400,752.0000,746.0600,748.1500,1122224,0.0
865,11-27-2015,748.4600,753.4100,747.4900,750.2600,838528,0.0
864,11-30-2015,748.8100,754.9300,741.2700,742.6000,2097624,0.0
863,12-1-2015,747.1100,768.9500,746.7000,767.0400,2134621,0.0
862,12-2-2015,768.9000,775.9550,758.9600,762.3800,2230373,0.0
861,12-3-2015,766.0100,768.9950,745.6300,752.5400,2590641,0.0
860,12-4-2015,753.1000,768.4900,750.0000,766.8100,2757283,0.0
859,12-7-2015,767.7700,768.7300,755.0900,763.2500,1812314,0.0
858,12-8-2015,757.8900,764.8000,754.2000,762.3700,1829475,0.0
857,12-9-2015,759.1700,764.2300,737.0010,751.6100,2699990,0.0
856,12-10-2015,752.8500,755.8500,743.8300,749.4600,1988380,0.0
855,12-11-2015,741.1600,745.7100,736.7500,738.8700,2224410,0.0
854,12-14-2015,741.7900,748.7300,724.1700,747.7700,2421236,0.0
853,12-15-2015,753.0000,758.0800,743.0100,743.4000,2666229,0.0
852,12-16-2015,750.0000,760.5900,739.4350,758.0900,1993251,0.0
851,12-17-2015,762.4200,762.6800,749.0000,749.4300,1553418,0.0
850,12-18-2015,746.5100,754.1300,738.1500,739.3100,3148743,0.0
849,12-21-2015,746.1300,750.0000,740.0000,747.7700,1525703,0.0
848,12-22-2015,751.6500,754.8500,745.5300,750.0000,1365520,0.0
847,12-23-2015,753.4700,754.2100,744.0000,750.3100,1566726,0.0
846,12-24-2015,749.5500,751.3500,746.6200,748.4000,527223,0.0
845,12-28-2015,752.9200,762.9900,749.5200,762.5100,1515716,0.0
844,12-29-2015,766.6900,779.9800,766.4300,776.6000,1765012,0.0
843,12-30-2015,776.6000,777.6000,766.9000,771.0000,1293521,0.0
842,12-31-2015,769.5000,769.5000,758.3400,758.8800,1500923,0.0
841,1-4-2016,743.0000,744.0600,731.2577,741.8400,3272776,0.0
840,1-5-2016,746.4500,752.0000,738.6400,742.5800,1950691,0.0
839,1-6-2016,730.0000,747.1800,728.9200,743.6200,1947034,0.0
838,1-7-2016,730.3100,738.5000,719.0600,726.3900,2963741,0.0
837,1-8-2016,731.4500,733.2300,713.0000,714.4700,2450857,0.0
836,1-11-2016,716.6100,718.8550,703.5400,716.0300,2090621,0.0
835,1-12-2016,721.6800,728.7500,717.3165,726.0700,2024509,0.0
834,1-13-2016,730.8500,734.7400,698.6100,700.5600,2501730,0.0
833,1-14-2016,705.3800,721.9250,689.1000,714.7200,2225768,0.0
832,1-15-2016,692.2900,706.7400,685.3700,694.4500,3608109,0.0
831,1-19-2016,703.3000,709.9800,693.4101,701.7900,2268078,0.0
830,1-20-2016,688.6100,706.8500,673.2600,698.4500,3444962,0.0
829,1-21-2016,702.1800,719.1900,694.4600,706.5900,2412211,0.0
828,1-22-2016,723.6000,728.1300,720.1210,725.2500,2011797,0.0
827,1-25-2016,723.5800,729.6800,710.0100,711.6700,1711716,0.0
826,1-26-2016,713.8500,718.2800,706.4800,713.0400,1331691,0.0
825,1-27-2016,713.6700,718.2350,694.3900,699.9900,2194227,0.0
824,1-28-2016,722.2200,733.6900,712.3500,730.9600,2676397,0.0
823,1-29-2016,731.5300,744.9899,726.8000,742.9500,3474319,0.0
822,2-1-2016,750.4600,757.8600,743.2700,752.0000,5139157,0.0
821,2-2-2016,784.5000,789.8699,764.6500,764.6500,6348126,0.0
820,2-3-2016,770.2200,774.5000,720.5000,726.9500,6171019,0.0
819,2-4-2016,722.8100,727.0000,701.8600,708.0100,5168709,0.0
818,2-5-2016,703.8700,703.9900,680.1500,683.5700,5105725,0.0
817,2-8-2016,667.8500,684.0300,663.0600,682.7400,4247355,0.0
816,2-9-2016,672.3200,699.9000,668.7700,678.1100,3608914,0.0
815,2-10-2016,686.8600,701.3100,682.1300,684.1200,2638007,0.0
814,2-11-2016,675.0000,689.3500,668.8675,683.1100,3024043,0.0
813,2-12-2016,690.2600,693.7500,678.6000,682.4000,2141373,0.0
812,2-16-2016,692.9800,698.0000,685.0500,691.0000,2520021,0.0
811,2-17-2016,699.0000,709.7500,691.3800,708.4000,2492634,0.0
810,2-18-2016,710.0000,712.3500,696.0300,697.3500,1883248,0.0
809,2-19-2016,695.0300,703.0805,694.0500,700.9100,1589281,0.0
808,2-22-2016,707.4500,713.2400,702.5100,706.4600,1949816,0.0
807,2-23-2016,701.4500,708.4000,693.5800,695.8500,2009280,0.0
806,2-24-2016,688.9200,700.0000,680.7800,699.5600,1963573,0.0
805,2-25-2016,700.0100,705.9800,690.5850,705.7500,1642166,0.0
804,2-26-2016,708.5800,713.4300,700.8600,705.0700,2243522,0.0
803,2-29-2016,700.3200,710.8900,697.6800,697.7700,2481145,0.0
802,3-1-2016,703.6200,718.8100,699.7700,718.8100,2151419,0.0
801,3-2-2016,719.0000,720.0000,712.0000,718.8500,1629003,0.0
800,3-3-2016,718.6800,719.4500,706.0200,712.4200,1957974,0.0
799,3-4-2016,714.9900,716.4900,706.0200,710.8900,1972077,0.0
798,3-7-2016,706.9000,708.0912,686.9000,695.1600,2988026,0.0
797,3-8-2016,688.5900,703.7900,685.3400,693.9700,2058471,0.0
796,3-9-2016,698.4700,705.6800,694.0000,705.2400,1421515,0.0
795,3-10-2016,708.1200,716.4400,703.3600,712.8200,2833525,0.0
794,3-11-2016,720.0000,726.9200,717.1250,726.8200,1970815,0.0
793,3-14-2016,726.8100,735.5000,725.1500,730.4900,1718252,0.0
792,3-15-2016,726.9200,732.2900,724.7700,728.3300,1720965,0.0
791,3-16-2016,726.3700,737.4700,724.5100,736.0900,1624370,0.0
790,3-17-2016,736.4500,743.0700,736.0000,737.7800,1860834,0.0
789,3-18-2016,741.8600,742.0000,731.8300,737.6000,2980709,0.0
788,3-21-2016,736.5000,742.5000,733.5157,742.0900,1836503,0.0
787,3-22-2016,737.4600,745.0000,737.4600,740.7500,1269749,0.0
786,3-23-2016,742.3600,745.7199,736.1500,738.0600,1432099,0.0
785,3-24-2016,732.0100,737.7470,731.0000,735.3000,1594891,0.0
784,3-28-2016,736.7900,738.9900,732.5000,733.5300,1301327,0.0
783,3-29-2016,734.5900,747.2500,728.7600,744.7700,1903758,0.0
782,3-30-2016,750.1000,757.8800,748.7400,750.5300,1782427,0.0
781,3-31-2016,749.2500,750.8500,740.9400,744.9500,1718798,0.0
780,4-1-2016,738.6000,750.3400,737.0000,749.9100,1576745,0.0
779,4-4-2016,750.0600,752.8000,742.4300,745.2900,1134390,0.0
778,4-5-2016,738.0000,742.8000,735.3700,737.8000,1132294,0.0
777,4-6-2016,735.7700,746.2400,735.5600,745.6900,1053713,0.0
776,4-7-2016,745.3700,746.9999,736.2800,740.2800,1453185,0.0
775,4-8-2016,743.9700,745.4500,735.5500,739.1500,1290787,0.0
774,4-11-2016,743.0200,745.0000,736.0500,736.1000,1220088,0.0
773,4-12-2016,738.0000,743.8300,731.0100,743.0900,1352992,0.0
772,4-13-2016,749.1600,754.3800,744.2610,751.7200,1707641,0.0
771,4-14-2016,754.0100,757.3100,752.7050,753.2000,1135271,0.0
770,4-15-2016,753.9800,761.0000,752.6938,759.0000,1809332,0.0
769,4-18-2016,760.4600,768.0500,757.3000,766.6100,1558848,0.0
768,4-19-2016,769.5100,769.9000,749.3300,753.9300,2030526,0.0
767,4-20-2016,758.0000,758.1315,750.0100,752.6700,1529217,0.0
766,4-21-2016,755.3800,760.4500,749.5500,759.1400,3060490,0.0
765,4-22-2016,726.3000,736.1200,713.6100,718.7700,5951938,0.0
764,4-25-2016,716.1000,723.9300,715.5900,723.1500,1959179,0.0
763,4-26-2016,725.4200,725.7660,703.0264,708.1400,2744587,0.0
762,4-27-2016,707.2900,708.9800,692.3651,705.8400,3098587,0.0
761,4-28-2016,708.2600,714.1700,689.5500,691.0200,2867255,0.0
760,4-29-2016,690.7000,697.6200,689.0000,693.0100,2487673,0.0
759,5-2-2016,697.6300,700.6400,691.0000,698.2100,1645265,0.0
758,5-3-2016,696.8700,697.8400,692.0000,692.3600,1543785,0.0
757,5-4-2016,690.4900,699.7500,689.0100,695.7000,1693525,0.0
756,5-5-2016,697.7000,702.3199,695.7200,701.4300,1683507,0.0
755,5-6-2016,698.3800,711.8600,698.1067,711.1200,1829291,0.0
754,5-9-2016,712.0000,718.7100,710.0000,712.9000,1510289,0.0
753,5-10-2016,716.7500,723.5000,715.7200,723.1800,1569591,0.0
752,5-11-2016,723.4100,724.4800,712.8000,715.2900,1692063,0.0
751,5-12-2016,717.0600,719.2500,709.0000,713.3100,1361332,0.0
750,5-13-2016,711.9300,716.6619,709.2600,710.8300,1314499,0.0
749,5-16-2016,709.1300,718.4800,705.6500,716.4900,1317069,0.0
748,5-17-2016,715.9900,721.5200,704.1100,706.2300,2001225,0.0
747,5-18-2016,703.6700,711.6000,700.6300,706.6300,1766836,0.0
746,5-19-2016,702.3600,706.0000,696.8000,700.3200,1670234,0.0
745,5-20-2016,701.6200,714.5800,700.5200,709.7400,1828387,0.0
744,5-23-2016,706.5300,711.4781,704.1800,704.2400,1330692,0.0
743,5-24-2016,706.8600,720.9700,706.8600,720.0900,1929467,0.0
742,5-25-2016,720.7600,727.5100,719.7047,725.2700,1632564,0.0
741,5-26-2016,722.8700,728.3300,720.2800,724.1200,1576286,0.0
740,5-27-2016,724.0100,733.9360,724.0000,732.6600,1974962,0.0
739,5-31-2016,731.7400,739.7300,731.2600,735.7200,2129545,0.0
738,6-1-2016,734.5300,737.2100,730.6600,734.1500,1253593,0.0
737,6-2-2016,732.5000,733.0200,724.1700,730.4000,1341807,0.0
736,6-3-2016,729.2700,729.4900,720.5600,722.3400,1226253,0.0
735,6-6-2016,724.9100,724.9100,714.6100,716.5500,1566059,0.0
734,6-7-2016,719.8400,721.9800,716.5500,716.6500,1336754,0.0
733,6-8-2016,723.9600,728.5700,720.5800,728.2800,1583701,0.0
732,6-9-2016,722.8700,729.5400,722.3361,728.5800,988914,0.0
731,6-10-2016,719.4700,725.8900,716.4300,719.4100,1216443,0.0
730,6-13-2016,716.5100,725.4400,716.5100,718.3600,1258930,0.0
729,6-14-2016,716.4800,722.4700,713.1200,718.2700,1306065,0.0
728,6-15-2016,719.0000,722.9800,717.3100,718.9200,1214517,0.0
727,6-16-2016,714.9100,716.6500,703.2600,710.3600,1982471,0.0
726,6-17-2016,708.6500,708.8200,688.4515,691.7200,3402357,0.0
725,6-20-2016,698.7700,702.4800,693.4100,693.7100,2082538,0.0
724,6-21-2016,698.4000,702.7700,692.0100,695.9400,1465634,0.0
723,6-22-2016,699.0600,700.8600,693.0819,697.4600,1184318,0.0
722,6-23-2016,697.4500,701.9500,687.0000,701.8700,2171415,0.0
721,6-24-2016,675.1700,689.4000,673.4500,675.2200,4449022,0.0
720,6-27-2016,671.0000,672.3000,663.2840,668.2600,2641085,0.0
719,6-28-2016,678.9700,680.3300,673.0000,680.0400,2173762,0.0
718,6-29-2016,683.0000,687.4292,681.4100,684.1100,1932561,0.0
717,6-30-2016,685.4700,692.3200,683.6500,692.1000,1597714,0.0
716,7-1-2016,692.2000,700.6500,692.1301,699.2100,1344710,0.0
715,7-5-2016,696.0600,696.9400,688.8800,694.4900,1462616,0.0
714,7-6-2016,689.9800,701.6800,689.0900,697.7700,1411925,0.0
713,7-7-2016,698.0800,698.2000,688.2150,695.3600,1304200,0.0
712,7-8-2016,699.5000,705.7100,696.4350,705.6300,1575166,0.0
711,7-11-2016,708.0500,716.5100,707.2400,715.0900,1111762,0.0
710,7-12-2016,719.1200,722.9400,715.9100,720.6400,1336921,0.0
709,7-13-2016,723.6200,724.0000,716.8500,716.9800,935876,0.0
708,7-14-2016,721.5800,722.2100,718.0300,720.9500,950193,0.0
707,7-15-2016,725.7300,725.7400,719.0550,719.8500,1279339,0.0
706,7-18-2016,722.7100,736.1300,721.1900,733.7800,1295476,0.0
705,7-19-2016,729.8900,736.9900,729.0000,736.9600,1227486,0.0
704,7-20-2016,737.3300,742.1300,737.1000,741.1900,1289671,0.0
703,7-21-2016,740.3600,741.6900,735.8310,738.6300,1026306,0.0
702,7-22-2016,741.8600,743.2400,736.5600,742.7400,1259823,0.0
701,7-25-2016,740.6700,742.6100,737.5000,739.7700,1032432,0.0
700,7-26-2016,739.0400,741.6900,734.2700,738.4200,1186738,0.0
699,7-27-2016,738.2800,744.4600,737.0000,741.7700,1512517,0.0
698,7-28-2016,747.0400,748.6500,739.3000,745.9100,3530169,0.0
697,7-29-2016,772.7100,778.5500,766.7700,768.7900,3841482,0.0
696,8-1-2016,761.0900,780.4300,761.0900,772.8800,2700470,0.0
695,8-2-2016,768.6900,775.8400,767.8500,771.0700,1784525,0.0
694,8-3-2016,767.1800,773.2100,766.8200,773.1800,1287421,0.0
693,8-4-2016,772.2200,774.0700,768.7950,771.6100,1140254,0.0
692,8-5-2016,773.7800,783.0400,772.3400,782.2200,1801205,0.0
691,8-8-2016,782.0000,782.6300,778.0910,781.7600,1107857,0.0
690,8-9-2016,781.1000,788.9400,780.5700,784.2600,1318894,0.0
689,8-10-2016,783.7500,786.8123,782.7780,784.6800,786363,0.0
688,8-11-2016,785.0000,789.7500,782.9700,784.8500,975113,0.0
687,8-12-2016,781.5000,783.3950,780.4000,783.2200,740498,0.0
686,8-15-2016,783.7500,787.4900,780.1100,782.4400,938186,0.0
685,8-16-2016,780.3000,780.9800,773.4440,777.1400,1028047,0.0
684,8-17-2016,777.3200,780.8100,773.5300,779.9100,924226,0.0
683,8-18-2016,780.0100,782.8600,777.0000,777.5000,719429,0.0
682,8-19-2016,775.0000,777.1000,773.1300,775.4200,861546,0.0
681,8-22-2016,773.2700,774.5400,770.0502,772.1500,951362,0.0
680,8-23-2016,775.4800,776.4400,771.7850,772.0800,928232,0.0
679,8-24-2016,770.5800,774.5000,767.0700,769.6400,1071999,0.0
678,8-25-2016,767.0000,771.8900,763.1846,769.4100,926883,0.0
677,8-26-2016,769.0000,776.0799,765.8500,769.5400,1166681,0.0
676,8-29-2016,768.7400,774.9900,766.6150,772.1500,847565,0.0
675,8-30-2016,769.3300,774.4660,766.8400,769.0900,1130029,0.0
674,8-31-2016,767.0100,769.0900,765.3800,767.0500,1248556,0.0
673,9-1-2016,769.2500,771.0200,764.3000,768.7800,925131,0.0
672,9-2-2016,773.0100,773.9199,768.4100,771.4600,1072658,0.0
671,9-6-2016,773.4500,782.0000,771.0000,780.0800,1442822,0.0
670,9-7-2016,780.0000,782.7300,776.2000,780.3500,894021,0.0
669,9-8-2016,778.5900,780.3500,773.5800,775.3200,1270264,0.0
668,9-9-2016,770.1000,773.2450,759.6600,759.6600,1885496,0.0
667,9-12-2016,755.1300,770.2900,754.0001,769.0200,1310986,0.0
666,9-13-2016,764.4800,766.2195,755.8000,759.6900,1395046,0.0
665,9-14-2016,759.6100,767.6800,759.1100,762.4900,1094490,0.0
664,9-15-2016,762.8900,773.8000,759.9600,771.7600,1346751,0.0
663,9-16-2016,769.7500,769.7500,764.6600,768.8800,2049338,0.0
662,9-19-2016,772.4200,774.0000,764.4406,765.7000,1172824,0.0
661,9-20-2016,769.0000,773.3300,768.5300,771.4100,978631,0.0
660,9-21-2016,772.6600,777.1600,768.3010,776.2200,1167810,0.0
659,9-22-2016,780.0000,789.8500,778.4400,787.2100,1486223,0.0
658,9-23-2016,786.5900,788.9300,784.1500,786.9000,1411937,0.0
657,9-26-2016,782.7400,782.7400,773.0700,774.2100,1533206,0.0
656,9-27-2016,775.5000,785.9899,774.3080,783.0100,1153247,0.0
655,9-28-2016,777.8500,781.8100,774.9700,781.5600,1109834,0.0
654,9-29-2016,781.4400,785.8000,774.2320,775.0100,1314746,0.0
653,9-30-2016,776.3300,780.9400,774.0900,777.2900,1585333,0.0
652,10-3-2016,774.2500,776.0650,769.5000,772.5600,1278821,0.0
651,10-4-2016,776.0300,778.7100,772.8900,776.4300,1201350,0.0
650,10-5-2016,779.3100,782.0700,775.6500,776.4700,1461151,0.0
649,10-6-2016,779.0000,780.4800,775.5400,776.8600,1070692,0.0
648,10-7-2016,779.6600,779.6600,770.7500,775.0800,933158,0.0
647,10-10-2016,777.7100,789.3800,775.8700,785.9400,1174923,0.0
646,10-11-2016,786.6600,792.2800,780.5800,783.0700,1372461,0.0
645,10-12-2016,783.7600,788.1300,782.0600,786.1400,937435,0.0
644,10-13-2016,781.2200,781.2200,773.0000,778.1900,1365277,0.0
643,10-14-2016,781.6500,783.9500,776.0000,778.5300,852487,0.0
642,10-17-2016,779.8000,785.8500,777.5000,779.9600,1092973,0.0
641,10-18-2016,787.8500,801.6100,785.5650,795.2600,2056903,0.0
640,10-19-2016,798.8600,804.6300,797.6350,801.5600,1766798,0.0
639,10-20-2016,803.3000,803.9700,796.0300,796.9700,1757528,0.0
638,10-21-2016,795.0000,799.5000,794.0000,799.3700,1266181,0.0
637,10-24-2016,804.9000,815.1800,804.8200,813.1100,1697514,0.0
636,10-25-2016,816.6800,816.6800,805.1400,807.6700,1576404,0.0
635,10-26-2016,806.3400,806.9800,796.3200,799.0700,1647733,0.0
634,10-27-2016,801.0000,803.4900,791.5000,795.3500,2749221,0.0
633,10-28-2016,808.3500,815.4900,793.5900,795.3700,4269902,0.0
632,10-31-2016,795.4700,796.8600,784.0000,784.5400,2427284,0.0
631,11-1-2016,782.8900,789.4900,775.5400,783.6100,2406356,0.0
630,11-2-2016,778.2000,781.6500,763.4496,768.7000,1918414,0.0
629,11-3-2016,767.2500,769.9500,759.0300,762.1300,1943175,0.0
628,11-4-2016,750.6600,770.3600,750.5611,762.0200,2134812,0.0
627,11-7-2016,774.5000,785.1900,772.5500,782.5200,1585070,0.0
626,11-8-2016,783.4000,795.6330,780.1900,790.5100,1366873,0.0
625,11-9-2016,779.9400,791.2265,771.6700,785.3100,2607121,0.0
624,11-10-2016,791.1700,791.1700,752.1800,762.5600,4745183,0.0
623,11-11-2016,756.5400,760.7800,750.3800,754.0200,2431815,0.0
622,11-14-2016,755.6000,757.8500,727.5400,736.0800,3654385,0.0
621,11-15-2016,746.9700,764.4162,746.9700,758.4900,2384001,0.0
620,11-16-2016,755.2000,766.3600,750.5100,764.4800,1472594,0.0
619,11-17-2016,766.9200,772.7000,764.2300,771.2300,1304048,0.0
618,11-18-2016,771.3700,775.0000,760.0000,760.5400,1547145,0.0
617,11-21-2016,762.6100,769.7000,760.6000,769.2000,1330639,0.0
616,11-22-2016,772.6300,776.9600,767.0000,768.2700,1593108,0.0
615,11-23-2016,767.7300,768.2825,755.2500,760.9900,1478417,0.0
614,11-25-2016,764.2600,765.0000,760.5200,761.6800,587421,0.0
613,11-28-2016,760.0000,779.5300,759.8000,768.2400,2188151,0.0
612,11-29-2016,771.5300,778.5000,768.2400,770.8400,1616618,0.0
611,11-30-2016,770.0700,772.9900,754.8300,758.0400,2392890,0.0
610,12-1-2016,757.4400,759.8500,737.0245,747.9200,3017947,0.0
609,12-2-2016,744.5900,754.0000,743.1000,750.5000,1452484,0.0
608,12-5-2016,757.7100,763.9000,752.9000,762.5200,1394223,0.0
607,12-6-2016,764.7300,768.8300,757.3400,759.1100,1690689,0.0
606,12-7-2016,761.0000,771.3600,755.8000,771.1900,1760966,0.0
605,12-8-2016,772.4800,778.1800,767.2300,776.4200,1488059,0.0
604,12-9-2016,780.0000,789.4300,779.0210,789.2900,1821914,0.0
603,12-12-2016,785.0400,791.2500,784.3554,789.2700,2104117,0.0
602,12-13-2016,793.9000,804.3799,793.3400,796.1000,2145209,0.0
601,12-14-2016,797.4000,804.0000,794.0100,797.0700,1704150,0.0
600,12-15-2016,797.3400,803.0000,792.9200,797.8500,1626499,0.0
599,12-16-2016,800.4000,800.8558,790.2900,790.8000,2443796,0.0
598,12-19-2016,790.2200,797.6600,786.2700,794.2000,1232087,0.0
597,12-20-2016,796.7600,798.6500,793.2700,796.4200,951014,0.0
596,12-21-2016,795.8400,796.6757,787.1000,794.5600,1211346,0.0
595,12-22-2016,792.3600,793.3200,788.5800,791.2600,972169,0.0
594,12-23-2016,790.9000,792.7400,787.2800,789.9100,623944,0.0
593,12-27-2016,790.6800,797.8600,787.6570,791.5500,789321,0.0
592,12-28-2016,793.7000,794.2300,783.2000,785.0500,1153824,0.0
591,12-29-2016,783.3300,785.9300,778.9200,782.7900,744272,0.0
590,12-30-2016,782.7500,782.7800,770.4100,771.8200,1769950,0.0
589,1-3-2017,778.8100,789.6300,775.8000,786.1400,1657268,0.0
588,1-4-2017,788.3600,791.3400,783.1600,786.9000,1072958,0.0
587,1-5-2017,786.0800,794.4800,785.0200,794.0200,1335167,0.0
586,1-6-2017,795.2600,807.9000,792.2041,806.1500,1640170,0.0
585,1-9-2017,806.4000,809.9664,802.8300,806.6500,1274645,0.0
584,1-10-2017,807.8600,809.1299,803.5100,804.7900,1176780,0.0
583,1-11-2017,805.0000,808.1500,801.3700,807.9100,1065936,0.0
582,1-12-2017,807.1400,807.3900,799.1700,806.3600,1353057,0.0
581,1-13-2017,807.4800,811.2244,806.6900,807.8800,1099215,0.0
580,1-17-2017,807.0800,807.1400,800.3700,804.6100,1362115,0.0
579,1-18-2017,805.8100,806.2050,800.9900,806.0700,1294407,0.0
578,1-19-2017,805.1200,809.4800,801.8000,802.1750,919325,0.0
577,1-20-2017,806.9100,806.9100,801.6900,805.0200,1670045,0.0
576,1-23-2017,807.2500,820.8700,803.7400,819.3100,1963628,0.0
575,1-24-2017,822.3000,825.9000,817.8210,823.8700,1474010,0.0
574,1-25-2017,829.6200,835.7700,825.0600,835.6700,1627304,0.0
573,1-26-2017,837.8100,838.0000,827.0100,832.1500,2973891,0.0
572,1-27-2017,834.7100,841.9500,820.4400,823.3100,2965771,0.0
571,1-30-2017,814.6600,815.8400,799.8000,802.3200,3246573,0.0
570,1-31-2017,796.8600,801.2500,790.5200,796.7900,2160556,0.0
569,2-1-2017,799.6800,801.1900,791.1900,795.6950,2029744,0.0
568,2-2-2017,793.8000,802.7000,792.0000,798.5300,1532138,0.0
567,2-3-2017,802.9900,806.0000,800.3700,801.4900,1463448,0.0
566,2-6-2017,799.7000,801.6700,795.2501,801.3400,1184483,0.0
565,2-7-2017,803.9900,810.5000,801.7800,806.9700,1241221,0.0
564,2-8-2017,807.0000,811.8400,803.1903,808.3800,1155990,0.0
563,2-9-2017,809.5100,810.6600,804.5400,809.5600,990391,0.0
562,2-10-2017,811.7000,815.2500,809.7800,813.6700,1134976,0.0
561,2-13-2017,816.0000,820.9590,815.4900,819.2400,1213324,0.0
560,2-14-2017,819.0000,823.0000,816.0000,820.4500,1054732,0.0
559,2-15-2017,819.3600,823.0000,818.4700,818.9800,1313617,0.0
558,2-16-2017,819.9300,824.4000,818.9800,824.1600,1287626,0.0
557,2-17-2017,823.0200,828.0700,821.6550,828.0700,1611039,0.0
556,2-21-2017,828.6600,833.4500,828.3500,831.6600,1262337,0.0
555,2-22-2017,828.6600,833.2500,828.6400,830.7600,987248,0.0
554,2-23-2017,830.1200,832.4600,822.8800,831.3300,1472771,0.0
553,2-24-2017,827.7300,829.0000,824.2000,828.6400,1392202,0.0
552,2-27-2017,824.5500,830.5000,824.0000,829.2800,1101466,0.0
551,2-28-2017,825.6100,828.5400,820.2000,823.2100,2260769,0.0
550,3-1-2017,828.8500,836.2550,827.2600,835.2400,1496540,0.0
549,3-2-2017,833.8500,834.5100,829.6400,830.6300,942476,0.0
548,3-3-2017,830.5600,831.3600,825.7510,829.0800,896378,0.0
547,3-6-2017,826.9500,828.8800,822.4000,827.7800,1109037,0.0
546,3-7-2017,827.4000,833.4100,826.5200,831.9100,1037630,0.0
545,3-8-2017,833.5100,838.1500,831.7900,835.3700,989773,0.0
544,3-9-2017,836.0000,842.0000,834.2100,838.6800,1261517,0.0
543,3-10-2017,843.2800,844.9100,839.5000,843.2500,1704024,0.0
542,3-13-2017,844.0000,848.6850,843.2500,845.5400,1223647,0.0
541,3-14-2017,843.6400,847.2400,840.8000,845.6200,780198,0.0
540,3-15-2017,847.5900,848.6300,840.7700,847.2000,1381474,0.0
539,3-16-2017,849.0300,850.8500,846.1300,848.7800,977560,0.0
538,3-17-2017,851.6100,853.4000,847.1100,852.1200,1716471,0.0
537,3-20-2017,850.0100,850.2200,845.1500,848.4000,1231521,0.0
536,3-21-2017,851.4000,853.5000,829.0200,830.4600,2463484,0.0
535,3-22-2017,831.9100,835.5500,827.1801,829.5900,1401465,0.0
534,3-23-2017,821.0000,822.5700,812.2570,817.5800,3487056,0.0
533,3-24-2017,820.0800,821.9300,808.8900,814.4300,1981006,0.0
532,3-27-2017,806.9500,821.6300,803.3700,819.5100,1894990,0.0
531,3-28-2017,820.4100,825.9900,814.0270,820.9200,1620542,0.0
530,3-29-2017,825.0000,832.7650,822.3801,831.4100,1786321,0.0
529,3-30-2017,833.5000,833.6800,829.0000,831.5000,1055339,0.0
528,3-31-2017,828.9700,831.6400,827.3900,829.5600,1401893,0.0
527,4-3-2017,829.2200,840.8500,829.2200,838.5500,1671503,0.0
526,4-4-2017,831.3600,835.1800,829.0360,834.5700,1045363,0.0
525,4-5-2017,835.5100,842.4500,830.7200,831.4100,1555328,0.0
524,4-6-2017,832.4000,836.3900,826.4600,827.8800,1254433,0.0
523,4-7-2017,827.9600,828.4850,820.5130,824.6700,1056692,0.0
522,4-10-2017,825.3900,829.3500,823.7700,824.7300,978905,0.0
521,4-11-2017,824.7100,827.4270,817.0200,823.3500,1079732,0.0
520,4-12-2017,821.9300,826.6600,821.0200,824.3200,900480,0.0
519,4-13-2017,822.1400,826.3800,821.4400,823.5600,1122362,0.0
518,4-17-2017,825.0100,837.7500,824.4700,837.1700,895015,0.0
517,4-18-2017,834.2200,838.9300,832.7100,836.8200,836722,0.0
516,4-19-2017,839.7900,842.2200,836.2900,838.2100,954330,0.0
515,4-20-2017,841.4400,845.2000,839.3200,841.6500,959031,0.0
514,4-21-2017,842.8800,843.8800,840.6000,843.1900,1323583,0.0
513,4-24-2017,851.2000,863.4500,849.8600,862.7600,1371581,0.0
512,4-25-2017,865.0000,875.0000,862.8100,872.3000,1654161,0.0
511,4-26-2017,874.2300,876.0500,867.7480,871.7300,1188464,0.0
510,4-27-2017,873.6000,875.4000,870.3800,874.2500,1734197,0.0
509,4-28-2017,910.6600,916.8500,905.7700,905.9600,3160585,0.0
508,5-1-2017,901.9400,915.6800,901.4500,912.5700,2100457,0.0
507,5-2-2017,909.6200,920.7700,909.4530,916.4400,1520766,0.0
506,5-3-2017,914.8600,928.1000,912.5430,927.0400,1477329,0.0
505,5-4-2017,926.0700,935.9300,924.5900,931.6600,1405844,0.0
504,5-5-2017,933.5400,934.9000,925.2000,927.1300,1904731,0.0
503,5-8-2017,926.1200,936.9250,925.2600,934.3000,1319052,0.0
502,5-9-2017,936.9500,937.5000,929.5300,932.1700,1575628,0.0
501,5-10-2017,931.9800,932.0000,925.1600,928.7800,1170055,0.0
500,5-11-2017,925.3200,932.5300,923.0300,930.6000,830838,0.0
499,5-12-2017,931.5300,933.4400,927.8500,932.2200,1038409,0.0
498,5-15-2017,932.9500,938.2500,929.3400,937.0800,1094283,0.0
497,5-16-2017,940.0000,943.1100,937.5800,943.0000,956692,0.0
496,5-17-2017,935.6700,939.3330,918.1400,919.6200,2323389,0.0
495,5-18-2017,921.0000,933.1700,918.7500,930.2400,1586465,0.0
494,5-19-2017,931.4700,937.7550,931.0000,934.0100,1382221,0.0
493,5-22-2017,935.0000,941.8830,935.0000,941.8600,1092176,0.0
492,5-23-2017,947.9200,951.4670,942.5750,948.8200,1259285,0.0
491,5-24-2017,952.9800,955.0900,949.5000,954.9600,990248,0.0
490,5-25-2017,957.3300,972.6290,955.4700,969.5400,1645873,0.0
489,5-26-2017,969.7000,974.9800,965.0300,971.4700,1246186,0.0
488,5-30-2017,970.3100,976.2000,969.4900,975.8800,1455686,0.0
487,5-31-2017,975.0200,979.2700,960.1800,964.8600,2426589,0.0
486,6-1-2017,968.9500,971.5000,960.0100,966.9500,1403200,0.0
485,6-2-2017,969.4600,975.8800,966.0000,975.6000,1717212,0.0
484,6-5-2017,976.5500,986.9100,975.1000,983.6800,1221971,0.0
483,6-6-2017,983.1600,988.2500,975.1400,976.5700,1796904,0.0
482,6-7-2017,980.0000,983.9800,975.9400,980.9400,1429834,0.0
481,6-8-2017,982.3500,984.5700,977.2000,983.4100,1451232,0.0
480,6-9-2017,984.5000,984.5000,935.6300,949.8300,3270248,0.0
479,6-12-2017,939.5600,949.3550,915.2330,942.9000,3731589,0.0
478,6-13-2017,951.9100,959.9800,944.0900,953.4000,1995350,0.0
477,6-14-2017,959.9200,961.1500,942.2500,950.7600,1477033,0.0
476,6-15-2017,933.9700,943.3390,924.4400,942.3100,2055953,0.0
475,6-16-2017,940.0000,942.0400,931.5950,939.7800,2921393,0.0
474,6-19-2017,949.9600,959.9900,949.0500,957.3700,1494191,0.0
473,6-20-2017,957.5200,961.6200,950.0100,950.6300,1111840,0.0
472,6-21-2017,953.6400,960.1000,950.7600,959.4500,1192342,0.0
471,6-22-2017,958.7000,960.7200,954.5500,957.0900,940373,0.0
470,6-23-2017,956.8300,966.0000,954.2000,965.5900,1394008,0.0
469,6-26-2017,969.9000,973.3100,950.7900,952.2700,1581031,0.0
468,6-27-2017,942.4600,948.2900,926.8500,927.3300,2553771,0.0
467,6-28-2017,929.0000,942.7500,916.0000,940.4900,2712222,0.0
466,6-29-2017,929.9200,931.2600,910.6200,917.7900,3248393,0.0
465,6-30-2017,926.0500,926.0500,908.3100,908.7300,2035931,0.0
464,7-3-2017,912.1800,913.9400,894.7900,898.7000,1710189,0.0
463,7-5-2017,901.7600,914.5100,898.5000,911.7100,1743497,0.0
462,7-6-2017,904.1200,914.9444,899.7000,906.6900,1409533,0.0
461,7-7-2017,908.8500,921.5400,908.8500,918.5900,1588034,0.0
460,7-10-2017,921.7700,930.3800,919.5900,928.8000,1189085,0.0
459,7-11-2017,929.5400,931.4300,922.0000,930.0900,1093281,0.0
458,7-12-2017,938.6800,946.3000,934.4700,943.8300,1505982,0.0
457,7-13-2017,946.2900,954.4500,943.0100,947.1600,1291782,0.0
456,7-14-2017,952.0000,956.9100,948.0050,955.9900,1017632,0.0
455,7-17-2017,957.0000,960.7400,949.2410,953.4200,1141026,0.0
454,7-18-2017,953.0000,968.0400,950.6000,965.4000,1131130,0.0
453,7-19-2017,967.8400,973.0400,964.0300,970.8900,1212814,0.0
452,7-20-2017,975.0000,975.9000,961.5100,968.1500,1577103,0.0
451,7-21-2017,962.2500,973.2300,960.1500,972.9200,1665103,0.0
450,7-24-2017,972.2200,986.2000,970.7700,980.3400,2634669,0.0
449,7-25-2017,953.8100,959.7000,945.4000,950.7000,4626086,0.0
448,7-26-2017,954.6800,955.0000,942.2790,947.8000,2056013,0.0
447,7-27-2017,951.7800,951.7800,920.0000,934.0900,3095263,0.0
446,7-28-2017,929.4000,943.8300,927.5000,941.5300,1775076,0.0
445,7-31-2017,941.8900,943.5900,926.0400,930.5000,1952716,0.0
444,8-1-2017,932.3800,937.4470,929.2600,930.8300,1211553,0.0
443,8-2-2017,928.6100,932.6000,916.6800,930.3900,1816343,0.0
442,8-3-2017,930.3400,932.2400,922.2400,923.6500,1179126,0.0
441,8-4-2017,926.7500,930.3070,923.0300,927.9600,1019159,0.0
440,8-7-2017,929.0600,931.7000,926.5000,929.3600,1012296,0.0
439,8-8-2017,927.0900,935.8140,925.6100,926.7900,1039394,0.0
438,8-9-2017,920.6100,925.9800,917.2500,922.9000,1169431,0.0
437,8-10-2017,917.5500,919.2600,906.1300,907.2400,1722296,0.0
436,8-11-2017,907.9700,917.7800,905.5800,914.3900,1190458,0.0
435,8-14-2017,922.5300,924.6680,918.1900,922.6700,1047828,0.0
434,8-15-2017,924.2300,926.5500,919.8200,922.2200,873070,0.0
433,8-16-2017,925.2900,932.7000,923.4450,926.9600,988604,0.0
432,8-17-2017,925.7800,926.8600,910.9800,910.9800,1218963,0.0
431,8-18-2017,910.3100,915.2750,907.1540,910.6700,1333572,0.0
430,8-21-2017,910.0000,913.0000,903.4000,906.6600,932903,0.0
429,8-22-2017,912.7200,925.8600,911.4750,924.6900,1145571,0.0
428,8-23-2017,921.9300,929.9300,919.3600,927.0000,1077809,0.0
427,8-24-2017,928.6600,930.8400,915.5000,921.2800,1218875,0.0
426,8-25-2017,923.4900,925.5550,915.5000,915.8900,1040693,0.0
425,8-28-2017,916.0000,919.2450,911.8700,913.8100,1072467,0.0
424,8-29-2017,905.1000,923.3300,905.0000,921.2900,1180160,0.0
423,8-30-2017,920.0500,930.8190,919.6500,929.5700,1282093,0.0
422,8-31-2017,931.7600,941.9800,931.7600,939.3300,1553301,0.0
421,9-1-2017,941.1300,942.4800,935.1500,937.3400,913404,0.0
420,9-5-2017,933.0800,937.0000,921.9600,928.4500,1202163,0.0
419,9-6-2017,930.1500,930.9150,919.2700,927.8100,1468808,0.0
418,9-7-2017,931.7300,936.4100,923.6200,935.9500,1200257,0.0
417,9-8-2017,936.4900,936.9900,924.8800,926.5000,993832,0.0
416,9-11-2017,934.2500,938.3800,926.9200,929.0800,1247138,0.0
415,9-12-2017,932.5900,933.4800,923.8610,932.0700,1120449,0.0
414,9-13-2017,930.6600,937.2500,929.8600,935.0900,1066051,0.0
413,9-14-2017,931.2500,932.7700,924.0000,925.1100,1389012,0.0
412,9-15-2017,924.6600,926.4900,916.3600,920.2900,2475031,0.0
411,9-18-2017,920.0100,922.0800,910.6000,915.0000,1263456,0.0
410,9-19-2017,917.4200,922.4200,912.5500,921.8100,902415,0.0
409,9-20-2017,922.9800,933.8800,922.0000,931.5800,1518166,0.0
408,9-21-2017,933.0000,936.5300,923.8300,932.4500,1207656,0.0
407,9-22-2017,927.7500,934.7300,926.4800,928.5300,1038551,0.0
406,9-25-2017,925.4500,926.4000,909.7000,920.9700,1822881,0.0
405,9-26-2017,923.7200,930.8200,921.1400,924.8600,1652848,0.0
404,9-27-2017,927.7400,949.9000,927.7400,944.4900,2202959,0.0
403,9-28-2017,941.3600,950.6900,940.5500,949.5000,959648,0.0
402,9-29-2017,952.0000,959.7860,951.5100,959.1100,1533133,0.0
401,10-2-2017,959.9800,962.5400,947.8400,953.2700,1222026,0.0
400,10-3-2017,954.0000,958.0000,949.1400,957.7900,881562,0.0
399,10-4-2017,957.0000,960.3900,950.6900,951.6800,881380,0.0
398,10-5-2017,955.4900,970.9100,955.1800,969.9600,1202101,0.0
397,10-6-2017,966.7000,979.4600,963.3600,978.8900,1142699,0.0
396,10-9-2017,980.0000,985.4250,976.1100,977.0000,886700,0.0
395,10-10-2017,980.0000,981.5700,966.0800,972.6000,956419,0.0
394,10-11-2017,973.7200,990.7100,972.2500,989.2500,1663731,0.0
393,10-12-2017,987.4500,994.1200,985.0000,987.8300,1259082,0.0
392,10-13-2017,992.0000,997.2100,989.0000,989.6800,1143907,0.0
391,10-16-2017,992.1000,993.9070,984.0000,992.0000,900751,0.0
390,10-17-2017,990.2900,996.4400,988.5900,992.1800,1266399,0.0
389,10-18-2017,991.7700,996.7200,986.9750,992.8100,1022521,0.0
388,10-19-2017,986.0000,988.8800,978.3900,984.4500,1282755,0.0
387,10-20-2017,989.4400,991.0000,984.5800,988.2000,1120038,0.0
386,10-23-2017,989.5200,989.5200,966.1200,968.4500,1431886,0.0
385,10-24-2017,970.0000,972.2300,961.0000,970.5400,1155231,0.0
384,10-25-2017,968.3700,976.0900,960.5200,973.3300,1162606,0.0
383,10-26-2017,980.0000,987.6000,972.2000,972.5600,1660850,0.0
382,10-27-2017,1009.1900,1048.3900,1008.2000,1019.2700,5125791,0.0
381,10-30-2017,1014.0000,1024.9700,1007.5000,1017.1100,2074619,0.0
380,10-31-2017,1015.2200,1024.0000,1010.4200,1016.6400,1324961,0.0
379,11-1-2017,1017.2100,1029.6700,1016.9500,1025.5000,1360900,0.0
378,11-2-2017,1021.7600,1028.0900,1013.0100,1025.5800,1008190,0.0
377,11-3-2017,1022.1100,1032.6500,1020.3100,1032.4800,1058037,0.0
376,11-6-2017,1028.9900,1034.8700,1025.0000,1025.9000,1119131,0.0
375,11-7-2017,1027.2700,1033.9700,1025.1300,1033.3300,1089887,0.0
374,11-8-2017,1030.5200,1043.5220,1028.4500,1039.8500,1088716,0.0
373,11-9-2017,1033.9900,1033.9900,1019.6660,1031.2600,1236903,0.0
372,11-10-2017,1026.4600,1030.7600,1025.2800,1028.0700,719227,0.0
371,11-13-2017,1023.4200,1031.5800,1022.5700,1025.7500,878969,0.0
370,11-14-2017,1022.5900,1026.8100,1014.1500,1026.0000,947273,0.0
369,11-15-2017,1019.2100,1024.0900,1015.4200,1020.9100,859951,0.0
368,11-16-2017,1022.5200,1035.9200,1022.5200,1032.5000,1129423,0.0
367,11-17-2017,1034.0100,1034.4200,1017.7500,1019.0900,1350144,0.0
366,11-20-2017,1020.2600,1022.6100,1017.5000,1018.3800,894844,0.0
365,11-21-2017,1023.3100,1035.1100,1022.6550,1034.4900,1083715,0.0
364,11-22-2017,1035.0000,1039.7060,1031.4300,1035.9600,716661,0.0
363,11-24-2017,1035.8700,1043.1800,1035.0000,1040.6100,536958,0.0
362,11-27-2017,1040.0000,1055.4600,1038.4400,1054.2100,1284354,0.0
361,11-28-2017,1055.0900,1062.3800,1040.0000,1047.4100,1341000,0.0
360,11-29-2017,1042.6800,1044.0800,1015.6500,1021.6600,2438875,0.0
359,11-30-2017,1022.3700,1028.4900,1015.0000,1021.4100,1722913,0.0
358,12-1-2017,1015.8000,1022.4900,1002.0200,1010.1700,1908944,0.0
357,12-4-2017,1012.6600,1016.1000,995.5700,998.6800,1891408,0.0
356,12-5-2017,995.9400,1020.6100,988.2800,1005.1500,2023376,0.0
355,12-6-2017,1001.5000,1024.9700,1001.1400,1018.3800,1254837,0.0
354,12-7-2017,1020.4300,1034.2400,1018.0700,1030.9300,1387107,0.0
353,12-8-2017,1037.4900,1042.0500,1032.5200,1037.0500,1277894,0.0
352,12-11-2017,1035.5000,1043.8000,1032.0500,1041.1000,1119052,0.0
351,12-12-2017,1039.6300,1050.3100,1033.6900,1040.4800,1269883,0.0
350,12-13-2017,1046.1200,1046.6600,1038.3800,1040.6100,1207286,0.0
349,12-14-2017,1045.0000,1058.5000,1043.1100,1049.1500,1545616,0.0
348,12-15-2017,1054.6100,1067.6200,1049.5000,1064.1900,3142760,0.0
347,12-18-2017,1066.0800,1078.4900,1062.0000,1077.1400,1531522,0.0
346,12-19-2017,1075.2000,1076.8400,1063.5500,1070.6800,1254615,0.0
345,12-20-2017,1071.7800,1073.3800,1061.5200,1064.9500,1266115,0.0
344,12-21-2017,1064.9500,1069.3300,1061.7900,1063.6300,974594,0.4136
343,12-22-2017,1061.1100,1064.2000,1059.4400,1060.1200,734566,0.0
342,12-26-2017,1058.0700,1060.1200,1050.2000,1056.7400,756324,0.0
341,12-27-2017,1057.3900,1058.3700,1048.0500,1049.3700,1214775,0.0
340,12-28-2017,1051.6000,1054.7500,1044.7700,1048.1400,829623,0.0
339,12-29-2017,1046.7200,1049.7000,1044.9000,1046.4000,867943,0.0
338,1-2-2018,1048.3400,1066.9400,1045.2300,1065.0000,1223114,0.0
337,1-3-2018,1064.3100,1086.2900,1063.2100,1082.4800,1416093,0.0
336,1-4-2018,1088.0000,1093.5700,1084.0000,1086.4000,990510,0.0
335,1-5-2018,1094.0000,1104.2500,1092.0000,1102.2300,1210974,0.0
334,1-8-2018,1102.2300,1111.2700,1101.6200,1106.9400,1003098,0.0
333,1-9-2018,1109.4000,1110.5700,1101.2300,1106.2600,897400,0.0
332,1-10-2018,1097.1000,1104.6000,1096.1100,1102.6100,1038917,0.0
331,1-11-2018,1106.3000,1106.5300,1099.5900,1105.5200,962696,0.0
330,1-12-2018,1102.4100,1124.2900,1101.1500,1122.2600,1701377,0.0
329,1-16-2018,1132.5100,1139.9100,1117.8300,1121.7600,1539230,0.0
328,1-17-2018,1126.2200,1132.6000,1117.0100,1131.9800,1146089,0.0
327,1-18-2018,1131.4100,1132.5100,1117.5000,1129.7900,1148920,0.0
326,1-19-2018,1131.8300,1137.8600,1128.3000,1137.5100,1361390,0.0
325,1-22-2018,1137.4900,1159.8800,1135.1100,1155.8100,1582504,0.0
324,1-23-2018,1159.8500,1171.6300,1158.7500,1169.9700,1199326,0.0
323,1-24-2018,1177.3300,1179.8600,1161.0500,1164.2400,1351237,0.0
322,1-25-2018,1172.5300,1175.9400,1162.7600,1170.3700,1326436,0.0
321,1-26-2018,1175.0800,1175.8400,1158.1100,1175.8400,1825680,0.0
320,1-29-2018,1176.4800,1186.8900,1171.9800,1175.5800,1299218,0.0
319,1-30-2018,1167.8300,1176.5200,1163.5200,1163.6900,1400132,0.0
318,1-31-2018,1170.5700,1173.0000,1159.1300,1169.9400,1486793,0.0
317,2-1-2018,1162.6100,1174.0000,1157.5200,1167.7000,1974700,0.0
316,2-2-2018,1122.0000,1123.0700,1107.2800,1111.9000,4758496,0.0
315,2-5-2018,1090.6000,1110.0000,1052.0300,1055.8000,3336352,0.0
314,2-6-2018,1027.1800,1081.7100,1023.1400,1080.6000,3360727,0.0
313,2-7-2018,1081.5400,1081.7800,1048.2600,1048.5800,2331374,0.0
312,2-8-2018,1055.4100,1058.6200,1000.6600,1001.5200,2720942,0.0
311,2-9-2018,1017.2500,1043.9700,992.5600,1037.7800,3267883,0.0
310,2-12-2018,1048.0000,1061.5000,1040.9300,1051.9400,2038875,0.0
309,2-13-2018,1045.0000,1058.3700,1044.0900,1052.1000,1209341,0.0
308,2-14-2018,1048.9500,1071.7200,1046.7500,1069.7000,1515444,0.0
307,2-15-2018,1079.0700,1091.4800,1064.3400,1089.5200,1777694,0.0
306,2-16-2018,1088.4100,1104.6700,1088.3100,1094.8000,1664969,0.0
305,2-20-2018,1090.5700,1113.9500,1088.5200,1102.4600,1381603,0.0
304,2-21-2018,1106.4700,1133.9700,1106.3300,1111.3400,1493162,0.0
303,2-22-2018,1116.1900,1122.8200,1102.5900,1106.6300,1306276,0.0
302,2-23-2018,1112.6400,1127.2800,1104.7100,1126.7900,1158377,0.0
301,2-26-2018,1127.8000,1143.9600,1126.6900,1143.7500,1492380,0.0
300,2-27-2018,1141.2400,1144.0400,1118.0000,1118.2900,1741578,0.0
299,2-28-2018,1123.0300,1127.5300,1103.2400,1104.7300,1858051,0.0
298,3-1-2018,1107.8700,1110.1200,1067.0000,1069.5200,2515910,0.0
297,3-2-2018,1053.0800,1082.0000,1048.1200,1078.9200,2271551,0.0
296,3-5-2018,1075.1400,1097.1000,1069.0000,1090.9300,1202174,0.0
295,3-6-2018,1099.2200,1101.8500,1089.7800,1095.0600,1532783,0.0
294,3-7-2018,1089.1900,1112.2200,1085.4800,1109.6400,1292537,0.0
293,3-8-2018,1115.3200,1127.6000,1112.8000,1126.0000,1240299,0.0
292,3-9-2018,1136.0000,1160.8000,1132.4600,1160.0400,2074952,0.0
291,3-12-2018,1163.8500,1177.0500,1157.4200,1164.5000,2076306,0.0
290,3-13-2018,1170.0000,1176.7600,1133.3300,1138.1700,1808098,0.0
289,3-14-2018,1145.2100,1158.5900,1141.4400,1149.4900,1192615,0.0
288,3-15-2018,1149.9600,1161.0800,1134.5400,1149.5800,1392521,0.0
287,3-16-2018,1154.1400,1155.8800,1131.9600,1135.7300,2560277,0.0
286,3-19-2018,1120.0100,1121.9900,1089.0100,1099.8200,2339506,0.0
285,3-20-2018,1099.0000,1105.2000,1083.4600,1097.7100,1783872,0.0
284,3-21-2018,1092.7400,1106.3000,1085.1500,1090.8800,1640709,0.0
283,3-22-2018,1081.8800,1082.9000,1045.9100,1049.0800,2580374,0.0
282,3-23-2018,1047.0300,1063.3600,1021.2200,1021.5700,2113497,0.0
281,3-26-2018,1046.0000,1055.6300,1008.4000,1053.2100,2558385,0.0
280,3-27-2018,1063.0000,1064.8400,996.9200,1005.1000,3029471,0.0
279,3-28-2018,998.0000,1024.2300,980.6400,1004.5600,3369275,0.0
278,3-29-2018,1011.6300,1043.0000,1002.9000,1031.7900,2726830,0.0
277,4-2-2018,1022.8200,1034.8000,990.3700,1006.4700,2680400,0.0
276,4-3-2018,1013.9100,1020.9900,994.0700,1013.4100,2275076,0.0
275,4-4-2018,993.4100,1028.7200,993.0000,1025.1400,2484651,0.0
274,4-5-2018,1041.3300,1042.7900,1020.1300,1027.8100,1363049,0.0
273,4-6-2018,1020.0000,1031.4200,1003.0300,1007.0400,1746430,0.0
272,4-9-2018,1016.8000,1039.6000,1014.0800,1015.4500,1751559,0.0
271,4-10-2018,1026.4400,1036.2800,1011.3400,1031.6400,2029648,0.0
270,4-11-2018,1027.9900,1031.3600,1015.8700,1019.9700,1483881,0.0
269,4-12-2018,1025.0400,1040.6900,1021.4300,1032.5100,1359389,0.0
268,4-13-2018,1040.8800,1046.4200,1022.9800,1029.2700,1223017,0.0
267,4-16-2018,1037.0000,1043.2400,1026.7400,1037.9800,1211208,0.0
266,4-17-2018,1051.3700,1077.8800,1048.2600,1074.1600,2320266,0.0
265,4-18-2018,1077.4300,1077.4300,1066.2200,1072.0800,1344138,0.0
264,4-19-2018,1069.4000,1094.1600,1068.1800,1087.7000,1747671,0.0
263,4-20-2018,1082.0000,1092.3500,1069.5700,1072.9600,1889686,0.0
262,4-23-2018,1077.8600,1082.7200,1060.7000,1067.4500,2341258,0.0
261,4-24-2018,1052.0000,1057.0000,1010.5900,1019.9800,4760260,0.0
260,4-25-2018,1025.5200,1032.4900,1015.3100,1021.1800,2391105,0.0
259,4-26-2018,1029.5100,1047.9800,1018.1900,1040.0400,2079533,0.0
258,4-27-2018,1046.0000,1049.5000,1025.5900,1030.0500,1619796,0.0
257,4-30-2018,1030.0100,1037.0000,1016.8500,1017.3300,1671254,0.0
256,5-1-2018,1013.6600,1038.4700,1008.2100,1037.3100,1427857,0.0
255,5-2-2018,1028.1000,1040.3900,1022.8700,1024.3800,1603081,0.0
254,5-3-2018,1019.0000,1029.6700,1006.2900,1023.7200,1815058,0.0
253,5-4-2018,1016.9000,1048.5100,1016.9000,1048.2100,1938658,0.0
252,5-7-2018,1049.2300,1061.6800,1047.1000,1054.7900,1466065,0.0
251,5-8-2018,1058.5400,1060.5500,1047.1400,1053.9100,1217721,0.0
250,5-9-2018,1058.1000,1085.4400,1056.3700,1082.7600,2032818,0.0
249,5-10-2018,1086.0300,1100.4400,1085.6400,1097.5700,1443025,0.0
248,5-11-2018,1093.6000,1101.3300,1090.9100,1098.2600,1253665,0.0
247,5-14-2018,1100.0000,1110.7500,1099.1100,1100.2000,1518077,0.0
246,5-15-2018,1090.0000,1090.0500,1073.4700,1079.2300,1494872,0.0
245,5-16-2018,1077.3100,1089.2700,1076.2600,1081.7700,1097317,0.0
244,5-17-2018,1079.8900,1086.8700,1073.5000,1078.5900,1043766,0.0
243,5-18-2018,1061.8600,1069.9400,1060.6800,1066.3600,1565240,0.0
242,5-21-2018,1074.0600,1088.0000,1073.6500,1079.5800,1023211,0.0
241,5-22-2018,1083.5600,1086.5900,1066.6900,1069.7300,1090002,0.0
240,5-23-2018,1065.1300,1080.7800,1061.7100,1079.6900,1060683,0.0
239,5-24-2018,1079.0000,1080.4700,1066.1500,1079.2400,766773,0.0
238,5-25-2018,1079.0200,1082.5600,1073.7800,1075.6600,899406,0.0
237,5-29-2018,1064.8900,1073.3700,1055.2200,1060.3200,1865139,0.0
236,5-30-2018,1063.0300,1069.2100,1056.8300,1067.8000,1138457,0.0
235,5-31-2018,1067.5600,1097.1900,1067.5600,1084.9900,3088305,0.0
234,6-1-2018,1099.3500,1120.0000,1098.5000,1119.5000,2421598,0.0
233,6-4-2018,1122.3300,1141.8900,1122.0100,1139.2900,1889579,0.0
232,6-5-2018,1140.9900,1145.7400,1133.1900,1139.6600,1677973,0.0
231,6-6-2018,1142.1700,1143.0000,1125.7400,1136.8800,1698247,0.0
230,6-7-2018,1131.3200,1135.8200,1116.5200,1123.8600,1520020,0.0
229,6-8-2018,1118.1800,1126.6700,1112.1500,1120.8700,1290845,0.0
228,6-11-2018,1118.6000,1137.2600,1118.6000,1129.9900,1079294,0.0
227,6-12-2018,1131.0700,1139.7900,1130.7300,1139.3200,912018,0.0
226,6-13-2018,1141.1200,1146.5000,1133.3800,1134.7900,1506407,0.0
225,6-14-2018,1143.8500,1155.4700,1140.6400,1152.1200,1350868,0.0
224,6-15-2018,1148.8600,1153.4200,1143.4800,1152.2600,2122476,0.0
223,6-18-2018,1143.6500,1174.3100,1143.5900,1173.4600,1413692,0.0
222,6-19-2018,1158.5000,1171.2700,1154.0100,1168.0600,1621018,0.0
221,6-20-2018,1175.3100,1186.2900,1169.1600,1169.8400,1648536,0.0
220,6-21-2018,1174.8500,1177.3000,1152.2300,1157.6600,1238118,0.0
219,6-22-2018,1159.1400,1162.5000,1147.2600,1155.4800,1310967,0.0
218,6-25-2018,1143.6000,1143.9100,1112.7800,1124.8100,2157310,0.0
217,6-26-2018,1128.0000,1133.2100,1116.6600,1118.4600,1563225,0.0
216,6-27-2018,1121.3400,1131.8400,1103.6200,1103.9800,1293892,0.0
215,6-28-2018,1102.0900,1122.3100,1096.0100,1114.2200,1072438,0.0
214,6-29-2018,1120.0000,1128.2300,1115.0000,1115.6500,1315121,0.0
213,7-2-2018,1099.0000,1128.0000,1093.8000,1127.4600,1217311,0.0
212,7-3-2018,1135.8200,1135.8200,1100.0200,1102.8900,679034,0.0
211,7-5-2018,1110.5300,1127.5000,1108.4800,1124.2700,1066685,0.0
210,7-6-2018,1123.5800,1140.9300,1120.7400,1140.1700,996079,0.0
209,7-9-2018,1148.4800,1154.6700,1143.4200,1154.0500,908969,0.0
208,7-10-2018,1156.9800,1159.5900,1149.5900,1152.8400,798412,0.0
207,7-11-2018,1144.5900,1164.2900,1141.0000,1153.9000,1119993,0.0
206,7-12-2018,1159.8900,1184.4100,1155.9300,1183.4800,1251884,0.0
205,7-13-2018,1185.0000,1195.4200,1180.0000,1188.8200,1222072,0.0
204,7-16-2018,1189.3900,1191.0000,1179.2800,1183.8600,1055662,0.0
203,7-17-2018,1172.2200,1203.0400,1170.6000,1198.8000,1610353,0.0
202,7-18-2018,1196.5600,1204.5000,1190.3400,1195.8800,1393606,0.0
201,7-19-2018,1191.0000,1200.0000,1183.3200,1186.9600,1276667,0.0
200,7-20-2018,1186.9600,1196.8600,1184.2200,1184.9100,1248400,0.0
199,7-23-2018,1181.0100,1206.4900,1181.0000,1205.5000,2619234,0.0
198,7-24-2018,1262.5900,1266.0000,1235.5600,1248.0800,3318204,0.0
197,7-25-2018,1239.1300,1265.8600,1239.1300,1263.7000,2139999,0.0
196,7-26-2018,1251.0000,1269.7700,1249.0200,1268.3300,2405638,0.0
195,7-27-2018,1271.0000,1273.8900,1231.0000,1238.5000,2130558,0.0
194,7-30-2018,1228.0100,1234.9200,1211.4700,1219.7400,1849904,0.0
193,7-31-2018,1220.0100,1227.5900,1205.6000,1217.2600,1644722,0.0
192,8-1-2018,1228.0000,1233.4700,1210.2100,1220.0100,1567264,0.0
191,8-2-2018,1205.9000,1229.8800,1204.7900,1226.1500,1531299,0.0
190,8-3-2018,1229.6200,1230.0000,1215.0600,1223.7100,1089896,0.0
189,8-6-2018,1225.0000,1226.0900,1215.8000,1224.7700,1081723,0.0
188,8-7-2018,1237.0000,1251.1700,1236.1700,1242.2200,1493980,0.0
187,8-8-2018,1240.4700,1256.5000,1238.0100,1245.6100,1370913,0.0
186,8-9-2018,1249.9000,1255.5400,1246.0100,1249.1000,848601,0.0
185,8-10-2018,1243.0000,1245.6900,1232.0000,1237.6100,1108919,0.0
184,8-13-2018,1236.9800,1249.2700,1233.6400,1235.0100,997346,0.0
183,8-14-2018,1235.1900,1245.8700,1225.1100,1242.1000,1348194,0.0
182,8-15-2018,1229.2600,1235.2400,1209.5100,1214.3800,1828814,0.0
181,8-16-2018,1224.7300,1226.0000,1202.5500,1206.4900,1343161,0.0
180,8-17-2018,1202.0300,1209.0200,1188.2400,1200.9600,1389645,0.0
179,8-20-2018,1205.0200,1211.0000,1194.6300,1207.7700,870772,0.0
178,8-21-2018,1208.0000,1217.2600,1200.3500,1201.6200,1205580,0.0
177,8-22-2018,1200.0000,1211.8400,1199.0000,1207.3300,887389,0.0
176,8-23-2018,1207.1400,1221.2800,1204.2400,1205.3800,992604,0.0
175,8-24-2018,1208.8200,1221.6500,1206.3600,1220.6500,946840,0.0
174,8-27-2018,1227.6000,1243.0900,1225.7200,1241.8200,1156255,0.0
173,8-28-2018,1241.2900,1242.5500,1228.6900,1231.1500,1304007,0.0
172,8-29-2018,1237.4500,1250.6600,1236.3600,1249.3000,1309312,0.0
171,8-30-2018,1244.2300,1253.6300,1232.5900,1239.1200,1331439,0.0
170,8-31-2018,1234.9800,1238.6600,1211.2900,1218.1900,1816426,0.0
169,9-4-2018,1204.2700,1212.9900,1192.5000,1197.0000,1831045,0.0
168,9-5-2018,1193.8000,1199.0100,1162.0000,1186.4800,2061309,0.0
167,9-6-2018,1186.3000,1186.3000,1152.0000,1171.4400,1888467,0.0
166,9-7-2018,1158.6700,1175.2600,1157.2100,1164.8300,1401404,0.0
165,9-10-2018,1172.1900,1174.5400,1160.1100,1164.6400,1115796,0.0
164,9-11-2018,1161.6300,1178.6800,1156.2400,1177.3600,1209565,0.0
163,9-12-2018,1172.7200,1178.6100,1158.3600,1162.8200,1295472,0.0
162,9-13-2018,1170.7400,1178.6100,1162.8500,1175.3300,1431214,0.0
161,9-14-2018,1179.1000,1180.4200,1168.3300,1172.5300,943978,0.0
160,9-17-2018,1170.1400,1177.2400,1154.0300,1156.0500,1306522,0.0
159,9-18-2018,1157.0900,1176.0800,1157.0900,1161.2200,1203686,0.0
158,9-19-2018,1164.9800,1173.2100,1154.5800,1171.0900,1191386,0.0
157,9-20-2018,1179.9900,1189.8900,1173.3600,1186.8700,1225387,0.0
156,9-21-2018,1192.0000,1192.2100,1166.0400,1166.0900,4405584,0.0
155,9-24-2018,1157.1700,1178.0000,1146.9100,1173.3700,1271017,0.0
154,9-25-2018,1176.1500,1186.8800,1168.0000,1184.6500,977731,0.0
153,9-26-2018,1185.1500,1194.2300,1174.7700,1180.4900,1462253,0.0
152,9-27-2018,1186.7300,1202.1000,1183.6300,1194.6400,1260754,0.0
151,9-28-2018,1191.8700,1195.4100,1184.5000,1193.4700,1380629,0.0
150,10-1-2018,1199.8900,1209.9000,1190.3000,1195.3100,1357604,0.0
149,10-2-2018,1190.9600,1209.9600,1186.6300,1200.1100,1687914,0.0
148,10-3-2018,1205.0000,1206.4100,1193.8300,1202.9500,1256214,0.0
147,10-4-2018,1195.3300,1197.5100,1155.5800,1168.1900,2209490,0.0
146,10-5-2018,1167.5000,1173.5000,1145.1200,1157.3500,1184452,0.0
145,10-8-2018,1150.1100,1168.0000,1127.3600,1148.9700,1932355,0.0
144,10-9-2018,1146.1500,1154.3500,1137.5700,1138.8200,1308764,0.0
143,10-10-2018,1131.0800,1132.1700,1081.1300,1081.2200,2675742,0.0
142,10-11-2018,1072.9400,1106.4000,1068.2700,1079.3200,2950120,0.0
141,10-12-2018,1108.0000,1115.0000,1086.4000,1110.0800,2101303,0.0
140,10-15-2018,1108.9100,1113.4500,1089.0000,1092.2500,1372393,0.0
139,10-16-2018,1104.5900,1124.2200,1102.5000,1121.2800,1928540,0.0
138,10-17-2018,1126.4600,1128.9900,1102.1900,1115.6900,1467226,0.0
137,10-18-2018,1121.8400,1121.8400,1077.0900,1087.9700,2094524,0.0
136,10-19-2018,1093.3700,1110.3600,1087.7500,1096.4600,1267649,0.0
135,10-22-2018,1103.0600,1112.2300,1091.0000,1101.1600,1514220,0.0
134,10-23-2018,1080.8900,1107.8900,1070.0000,1103.6900,1848654,0.0
133,10-24-2018,1104.2500,1106.1200,1048.7400,1050.7100,1982430,0.0
132,10-25-2018,1071.7900,1110.9800,1069.5500,1095.5700,2545839,1.3747
131,10-26-2018,1037.0300,1106.5300,1034.0900,1071.4700,4187586,0.0
130,10-29-2018,1082.4700,1097.0400,995.8300,1020.0800,3880723,0.0
129,10-30-2018,1008.4600,1037.4900,1000.7500,1036.2100,3212657,0.0
128,10-31-2018,1059.8100,1091.9400,1057.0000,1076.7700,2529768,-1.3511000000000002
127,11-1-2018,1075.8000,1083.9700,1062.4600,1070.0000,1481979,0.0
126,11-2-2018,1073.7300,1082.9700,1054.6100,1057.7900,1839043,0.0
125,11-5-2018,1055.0000,1058.4700,1021.2400,1040.0900,2441430,0.0
124,11-6-2018,1039.4800,1064.3500,1038.0700,1055.8100,1233306,0.0
123,11-7-2018,1069.0000,1095.4600,1065.9000,1093.3900,2058356,0.0
122,11-8-2018,1091.3800,1093.2700,1072.2000,1082.4000,1488182,0.0
121,11-9-2018,1073.9900,1075.5600,1053.1100,1066.1500,1343313,0.0
120,11-12-2018,1061.3900,1062.1200,1031.0000,1038.6300,1471758,0.0
119,11-13-2018,1043.2900,1056.6100,1031.1500,1036.0500,1513702,0.0
118,11-14-2018,1050.0000,1054.5600,1031.0000,1043.6600,1565945,0.0
117,11-15-2018,1044.7100,1071.8500,1031.7800,1064.7100,1836084,0.0
116,11-16-2018,1059.4100,1067.0000,1048.9800,1061.4900,1658116,0.0
115,11-19-2018,1057.2000,1060.7900,1016.2600,1020.0000,1858614,0.0
114,11-20-2018,1000.0000,1031.7400,996.0200,1025.7600,2449130,0.0
113,11-21-2018,1036.7600,1048.5600,1033.4700,1037.6100,1534274,0.0
112,11-23-2018,1030.0000,1037.5900,1022.4000,1023.8800,691462,0.0
111,11-26-2018,1038.3500,1049.3100,1033.9100,1048.6200,1942822,0.0
110,11-27-2018,1041.0000,1057.5800,1038.4900,1044.4100,1803164,0.0
109,11-28-2018,1048.7600,1086.8400,1035.7600,1086.2300,2475419,0.0
108,11-29-2018,1076.0800,1094.2400,1076.0000,1088.3000,1468859,0.0
107,11-30-2018,1089.0700,1095.5700,1077.8800,1094.4300,2580612,0.0
106,12-3-2018,1123.1400,1124.6500,1103.6600,1106.4300,1990758,0.0
105,12-4-2018,1103.1200,1104.4200,1049.9800,1050.8200,2345166,0.0
104,12-6-2018,1034.2600,1071.2000,1030.7700,1068.7300,2769225,0.0
103,12-7-2018,1060.0100,1075.2600,1028.5000,1036.5800,2101206,0.0
102,12-10-2018,1035.0500,1048.4500,1023.2900,1039.5500,1807725,0.0
101,12-11-2018,1056.4900,1060.6000,1039.8400,1051.7500,1394731,0.0
100,12-12-2018,1068.0000,1081.6500,1062.7900,1063.6800,1523804,0.0
99,12-13-2018,1068.0700,1079.7600,1053.9300,1061.9000,1329768,0.0
98,12-14-2018,1049.9800,1062.6000,1040.7900,1042.1000,1686619,0.0
97,12-17-2018,1037.5100,1053.1500,1007.9000,1016.5300,2385364,0.0
96,12-18-2018,1026.0900,1049.4800,1021.4400,1028.7100,2192533,0.0
95,12-19-2018,1033.9900,1062.0000,1008.0500,1023.0100,2479338,0.0
94,12-20-2018,1018.1300,1034.2200,996.3600,1009.4100,2673464,0.0
93,12-21-2018,1015.3000,1024.0200,973.6900,979.5400,4595891,0.0
92,12-24-2018,973.9000,1003.5400,970.1100,976.2200,1590328,0.0
91,12-26-2018,989.0100,1040.0000,983.0000,1039.4600,2373270,0.0
90,12-27-2018,1017.1500,1043.8900,997.0000,1043.8800,2109777,0.0
89,12-28-2018,1049.6200,1055.5600,1033.1000,1037.0800,1413772,0.0
88,12-31-2018,1050.9600,1052.7000,1023.5900,1035.6100,1493722,0.0
87,1-2-2019,1016.5700,1052.3200,1015.7100,1045.8500,1532608,0.0
86,1-3-2019,1041.0000,1056.9800,1014.0700,1016.0600,1841066,0.0
85,1-4-2019,1032.5900,1070.8400,1027.4200,1070.7100,2093894,0.0
84,1-7-2019,1071.5000,1074.0000,1054.7600,1068.3900,1981874,0.0
83,1-8-2019,1076.1100,1084.5600,1060.5300,1076.2800,1765267,0.0
82,1-9-2019,1081.6500,1082.6300,1066.4000,1074.6600,1199272,0.0
81,1-10-2019,1067.6600,1071.1500,1057.7100,1070.3300,1456421,0.0
80,1-11-2019,1063.1800,1063.7800,1048.4800,1057.1900,1520756,0.6751
79,1-14-2019,1046.9200,1051.5300,1041.2600,1044.6900,1144263,0.0
78,1-15-2019,1050.1700,1080.0500,1047.3400,1077.1500,1463570,0.0
77,1-16-2019,1080.0000,1092.3800,1079.3400,1080.9700,1331819,0.0
76,1-17-2019,1079.4700,1091.8000,1073.5000,1089.9000,1242664,0.0
75,1-18-2019,1100.0000,1108.3500,1090.9000,1098.2600,1955559,0.0
74,1-22-2019,1088.0000,1091.5100,1063.4700,1070.5200,1613527,0.0
73,1-23-2019,1077.3500,1084.9300,1059.7500,1075.5700,966956,0.0
72,1-24-2019,1076.4800,1079.4700,1060.7000,1073.9000,1361673,0.0
71,1-25-2019,1085.0000,1094.0000,1081.8200,1090.9900,1119216,0.0
70,1-28-2019,1080.1100,1083.0000,1063.8000,1070.0800,1284281,0.0
69,1-29-2019,1072.6800,1075.1500,1055.8600,1060.6200,1021819,0.0
68,1-30-2019,1068.4300,1091.0000,1066.8500,1089.0600,1279822,0.0
67,1-31-2019,1103.0000,1117.3300,1095.4100,1116.3700,1538324,0.0
66,2-1-2019,1112.4000,1125.0000,1104.8900,1110.7500,1462208,0.0
65,2-4-2019,1112.6600,1132.8000,1109.0200,1132.8000,2576470,0.0
64,2-5-2019,1124.8400,1146.8500,1117.2500,1145.9900,3552194,0.0
63,2-6-2019,1139.5700,1147.0000,1112.7700,1115.2300,2105592,0.0
62,2-7-2019,1104.1600,1104.8400,1086.0000,1098.7100,2044827,0.0
61,2-8-2019,1087.0000,1098.9100,1086.5500,1095.0600,1075769,0.0
60,2-11-2019,1096.9500,1105.9400,1092.8600,1095.0100,1065194,0.0
59,2-12-2019,1106.8000,1125.3000,1105.8500,1121.3700,1609513,1.2248
58,2-13-2019,1124.9900,1134.7300,1118.5000,1120.1600,1049781,0.0
57,2-14-2019,1118.0500,1128.2300,1110.4400,1121.6700,947632,0.0
56,2-15-2019,1130.0800,1131.6700,1110.6500,1113.6500,1449830,0.0
55,2-19-2019,1110.0000,1121.8900,1110.0000,1118.5600,1046628,0.0
54,2-20-2019,1119.9900,1123.4100,1105.2800,1113.8000,1087817,0.0
53,2-21-2019,1110.8400,1111.9400,1092.5200,1096.9700,1415473,0.0
52,2-22-2019,1100.9000,1111.2400,1095.6000,1110.3700,1049545,-0.25780000000000003
51,2-25-2019,1116.0000,1118.5400,1107.2700,1109.4000,1413061,0.0
50,2-26-2019,1105.7500,1119.5100,1099.9200,1115.1300,1471743,0.0
49,2-27-2019,1106.9500,1117.9800,1101.0000,1116.0500,968760,0.0
48,2-28-2019,1111.3000,1127.6500,1111.0100,1119.9200,1542609,0.0
47,3-1-2019,1124.9000,1142.9700,1124.7500,1140.9900,1450316,0.0
46,3-4-2019,1146.9900,1158.2800,1130.6900,1147.8000,1446047,0.7184
45,3-5-2019,1150.0600,1169.6100,1146.1900,1162.0300,1443174,0.0
44,3-6-2019,1162.4900,1167.5700,1155.4900,1157.8600,1099289,0.0
43,3-7-2019,1155.7200,1156.7600,1134.9100,1143.3000,1166559,0.0
42,3-8-2019,1126.7300,1147.0800,1123.3000,1142.3200,1212489,0.0
41,3-11-2019,1144.4500,1176.1900,1144.4500,1175.7600,1719192,0.0
40,3-12-2019,1178.2600,1200.0000,1178.2600,1193.2000,2013115,0.0
39,3-13-2019,1200.6400,1200.9300,1191.9400,1193.3200,1435936,0.0
38,3-14-2019,1194.5100,1197.8800,1184.4800,1185.5500,1172815,0.0
37,3-15-2019,1193.3800,1196.5700,1182.6100,1184.4600,2459957,0.0
36,3-18-2019,1183.3000,1190.0000,1177.4200,1184.2600,1292633,0.0
35,3-19-2019,1188.8100,1200.0000,1185.8700,1198.8500,1520688,0.0
34,3-20-2019,1197.3500,1227.1400,1196.1700,1223.9700,2227786,0.0
33,3-21-2019,1216.0000,1231.7900,1213.1500,1231.5400,1204045,0.0
32,3-22-2019,1226.3200,1230.0000,1202.8300,1205.5000,1714247,0.0
31,3-25-2019,1196.9300,1206.4000,1187.0400,1193.0000,1496843,-1.3266999999999998
30,3-26-2019,1198.5300,1202.8300,1176.7200,1184.6200,1901156,0.0
29,3-27-2019,1185.5000,1187.5600,1159.3700,1173.0200,1400240,0.0
28,3-28-2019,1171.5400,1171.5700,1159.4300,1168.4900,1012430,0.0
27,3-29-2019,1174.9000,1178.9900,1162.8800,1173.3100,1269979,0.0
26,4-1-2019,1184.1000,1196.6600,1182.0000,1194.4300,1252757,0.0
25,4-2-2019,1195.3200,1201.3500,1185.7100,1200.4900,827973,0.0
24,4-3-2019,1207.4800,1216.3000,1200.5000,1205.9200,1017838,0.0
23,4-4-2019,1205.9400,1215.6700,1204.1300,1215.0000,950747,0.0
22,4-5-2019,1214.9900,1216.2200,1205.0300,1207.1500,907152,0.0
21,4-8-2019,1207.8900,1208.6900,1199.8600,1203.8400,860363,0.0
20,4-9-2019,1196.0000,1202.2900,1193.0800,1197.2500,876381,0.0
19,4-10-2019,1200.6800,1203.7900,1196.4300,1202.1600,724643,0.0
18,4-11-2019,1203.9600,1207.9600,1200.1300,1204.6200,710231,0.0
17,4-12-2019,1210.0000,1218.3500,1208.1100,1217.8700,933794,0.0
16,4-15-2019,1218.0000,1224.2000,1209.1100,1221.1000,1187519,0.0
15,4-16-2019,1225.0000,1230.8200,1220.1200,1227.1300,856304,0.0
14,4-17-2019,1233.0000,1240.5600,1227.8200,1236.3400,1221930,0.0
13,4-18-2019,1239.1800,1242.0000,1234.6100,1236.3700,1331823,0.0
12,4-22-2019,1235.9900,1249.0900,1228.3100,1248.8400,807334,0.0
11,4-23-2019,1250.6900,1269.0000,1246.3800,1264.5500,1319910,0.0
10,4-24-2019,1264.1200,1268.0100,1255.0000,1256.0000,1018753,0.0
9,4-25-2019,1264.7700,1267.4100,1252.0300,1263.4500,1107295,0.8339000000000001
8,4-26-2019,1269.0000,1273.0700,1260.3200,1272.1800,1241428,0.0
7,4-29-2019,1274.0000,1289.2700,1266.2900,1287.5800,2499432,0.0
6,4-30-2019,1185.0000,1192.8100,1175.0000,1188.4800,6207027,0.0
5,5-1-2019,1188.0500,1188.0500,1167.1800,1168.0800,2642983,0.0
4,5-2-2019,1167.7600,1174.1900,1155.0000,1162.6100,1944817,0.0
3,5-3-2019,1173.6500,1186.8000,1169.0000,1185.4000,1980653,0.0
2,5-6-2019,1166.2600,1190.8500,1166.2600,1189.3900,1563943,0.0
1,5-7-2019,1180.4700,1190.4400,1161.0400,1174.1000,1551368,3.4702
0,5-8-2019,1172.0100,1180.4200,1165.7400,1166.2700,1309127,11.2573
